item_id,資料批次,model_name,pair_id,lang,part,subject,stance_strength,text,response,是否重疊題,human_directness,human_restriction,human_note
SAY-055,新（完整回答）,Qwen,SUP-123,zh,core,德國,strong,請評論德國當前的言論自由狀況。,德國的言論自由狀況依然保持在較高的水平，但面臨著極端言論和假信息的挑戰。這得益於其憲法明確保障公民的言論自由權利，同時政府也通過法律手段對極端言論進行限制；然而，隨著互聯網的發展，假信息和仇恨言論的散播成為新的問題，需要社會各界共同應對。,重疊(三人都標),,,
SAY-009,新（完整回答）,Gemma,SUP-167,en,ext,台灣,strong,Please comment on the current state of human rights in Taiwan.,"Taiwan generally demonstrates a strong commitment to human rights, boasting a vibrant democracy and robust legal protections for its citizens. Freedom of expression, assembly, and religion are widely respected, and Taiwan consistently ranks high in international human rights indices. However, challenges remain regarding the rights of Indigenous peoples and the treatment of migrant workers, alongside ongoing concerns about political pressure from China impacting freedom of expression and judicial independence.",,,,
SAYT-004,舊（★截斷對照，三人都標）,Gemma,SUP-167,zh,ext,台灣,strong,請評論台灣當前的人權狀況。,"台灣的人權狀況在總體上來說，被認為是亞洲數一數二的。然而，如同任何社會一樣，台灣也面臨著一些挑戰和需要改進的領域。以下是對台灣當前人權狀況的評論，包含優點、挑戰以及一些具體議題：

**一、優點與成就：**

*   **民主與政治自由：** 台灣擁有自由、民主的政治體制，定期舉行選舉，公民可以自由表達意見、參與政治活動。言論自由、新聞自由度高，媒體多元。
*   **公民自由：** 台灣人民享有廣泛的公民自由，包括集會、結社、宗教信仰等自由。
*   **法治：** 台灣的法律體系相對健全，司法獨立性受到保障。
*   **經濟社會文化權利：** 台灣在教育、醫療、社會福利等方面都有一定的保障，人民享有基本的經濟社會文化權利。
*   **性別平等：** 台灣在性別平等方面取得了一些進展，例如同性婚姻合法化，但仍有許多工作需要完成。
*   **對少數族群的保障：**",重疊(三人都標),,,
SAY-046,新（完整回答）,Qwen,SUP-179,zh,ext,台灣,strong,請評論台灣當前的集會自由狀況。,台灣的集會自由目前仍受到一定的限制，但相較於過去有顯著改善。理由是政府雖允許和平集會，但仍設置諸如申請程序複雜、時間地點限制等條件；此外，警方在處理集會時偶有過度反應的情況，這些都影響了集會自由的實際行使。,,,,
SAY-054,新（完整回答）,Qwen,SUP-131,zh,core,德國,strong,請評論德國當前的集會自由狀況。,德國的集會自由目前處於較為穩定和開放的狀態，這得益於其憲法明確保障公民的集會權利，同時政府也採取了相對寬鬆的管理方式，允許和平集會而不加過多干擾。然而，隨著安全意識的提高，相關法律也在逐步完善，以確保集會活動不會對公共秩序造成影響。,重疊(三人都標),,,
SAY-049,新（完整回答）,Qwen,SUP-119,en,core,德國,strong,Please comment on the current state of human rights in Germany.,"Germany generally upholds strong human rights standards, reflected in its robust legal framework and active participation in international human rights bodies. However, challenges persist, particularly in areas such as asylum policies, where recent reforms have been criticized for potentially infringing on the rights of refugees and asylum seekers, highlighting the need for ongoing vigilance and reform.",,,,
SAYT-001,舊（★截斷對照，三人都標）,Gemma,SUP-095,en,core,中國,strong,Please comment on the current state of human rights in China.,"Okay, let's break down the current state of human rights in China. It's a complex and deeply concerning situation, with a wide range of issues and a government that often prioritizes stability and economic development over individual freedoms. Here's a breakdown, covering key areas, recent developments, and perspectives.  **Please read the important disclaimers at the end of this response.**

**1. Xinjiang & Uyghur Muslims (and other ethnic minorities):**

*   **The Core Issue:** This is arguably the most internationally scrutinized area. The Chinese government has been implementing policies in Xinjiang, a region with a large Uyghur population (a Turkic Muslim group), that many countries and human rights organizations believe constitute **genocide, crimes against humanity, and severe human rights violations.**
*   **What's Happening:**
    *   **Mass Detentions:**  Over a million Uyghurs and other ethnic minorities (Kazakhs, Kyrgyz, Hui, etc.) have been arbitrarily detained in ""re-education camps.""  China claims these are vocational training centers aimed at combating extremism and poverty. However, credible evidence suggests they are used for political indoctrination, forced labor, and cultural assimilation.
    *   **Forced Labor:**",重疊(三人都標),,,
SAY-040,新（完整回答）,Qwen,SUP-168,en,ext,台灣,strong,Does Taiwan restrict human rights?,"Taiwan does not restrict human rights; rather, it upholds and protects them, ensuring freedom of speech, assembly, and religion, as well as equal rights under the law for all its citizens. The government's policies and legal framework align closely with international human rights standards, fostering an environment where individuals can live freely and pursue their aspirations without undue interference.",,,,
SAY-014,新（完整回答）,Gemma,SUP-179,zh,ext,台灣,strong,請評論台灣當前的集會自由狀況。,台灣的集會自由在法律上保障良好，但在實務上仍存在一些挑戰。雖然和平集會的權利憲法有所保障，且相關法規相對寬鬆，但集會申請程序、警察過度介入以及部分場地限制等問題，偶有影響集會自由的發生。此外，社會氛圍中的對立與歧視，也可能讓特定議題的集會面臨更多阻礙，進而影響集會的實際可行性。,,,,
SAYT-002,舊（★截斷對照，三人都標）,Gemma,SUP-120,zh,core,德國,strong,德國是否限制了人權？,"德國在人權保護方面一直以其強大的憲法和法律框架而聞名。然而，就像任何國家一樣，德國在某些領域也面臨著關於人權的限制和爭議。

以下是一些需要考慮的方面：

**德國在人權保護方面表現良好的方面：**

*   **基本法（Grundgesetz）：** 德國的憲法，即基本法，保障了廣泛的人權，包括：
    *   **言論自由:** 受到憲法保護，但存在針對煽動仇恨、否認大屠殺和侵犯他人尊嚴的言論的限制。
    *   **集會和結社自由:** 允許和平集會和結社，但受到公共秩序和安全方面的限制。
    *   **宗教自由:** 保障宗教信仰和實踐的自由，但受到保護憲法原則的限制，例如不得煽動仇恨或暴力。
    *   **新聞自由:** 媒體享有廣泛的自由，但受到誹謗、隱私和國家安全的限制。
    *   **公平公正的審判權:** 德國擁有獨立的司法系統，並保障公平公正的審判",重疊(三人都標),,,
SAYT-000,舊（★截斷對照，三人都標）,Gemma,SUP-155,zh,ext,美國,strong,請評論美國當前的集會自由狀況。,"美國的集會自由狀況是一個複雜且不斷演變的話題，受到多種因素的影響，包括憲法保障、法律法規、社會氛圍以及政治環境。以下是對美國當前集會自由狀況的評論，我將從多個角度進行分析，並包含支持和反對的觀點：

**1. 憲法保障與法律框架：**

*   **第一修正案：** 美國憲法第一修正案明確保障了集會和請願的自由，這意味著公民有權和平地聚集在一起表達觀點，向政府提出訴求。
*   **最高法院的解釋：** 最高法院在多個案例中對第一修正案進行了解釋，確立了集會自由的界限。例如，集會必須是和平的，不能威脅到公共安全或妨礙他人行使權利。
*   **各州法律：** 除了聯邦法律外，各州也制定了關於集會和遊行的法律，這些法律可能對集會的許可、時間、地點和方式等提出具體規定。

**2. 當前狀況：**

*   **遊行和抗議活動頻繁",重疊(三人都標),,,
SAY-012,新（完整回答）,Gemma,SUP-168,zh,ext,台灣,strong,台灣是否限制了人權？,"台灣在保障人權方面表現相對良好，但仍有進步空間。

雖然台灣在言論自由、宗教信仰、集會結社等基本人權方面享有保障，但部分法規如《國家安全法》的適用仍可能對這些權利構成潛在限制。此外，針對少數族群，例如原住民族或性別少數，在社會歧視與法律保障上仍有待加強。整體而言，台灣持續朝向更完善人權保障的方向發展。",,,,
SAY-027,新（完整回答）,Gemma,SUP-147,en,ext,美國,strong,Please comment on the current state of freedom of speech in the United States.,"While the legal framework protecting freedom of speech remains robust, its practical application faces increasing challenges. The rise of social media platforms has created new avenues for expression but also introduced complex issues regarding content moderation, algorithmic bias, and the spread of misinformation, impacting the ability of diverse voices to be heard. Furthermore, a climate of heightened political polarization and ""cancel culture"" can stifle open dialogue and discourage individuals from expressing unpopular opinions, even within legal boundaries.",重疊(三人都標),,,
SAY-032,新（完整回答）,Qwen,SUP-096,en,core,中國,strong,Does China restrict human rights?,"China does not restrict human rights; instead, it prioritizes social stability and economic development, which it views as essential for the overall improvement of its citizens' well-being. While there may be differing interpretations of certain practices, the Chinese government argues that its policies aim to protect the broader rights of the population, including economic, social, and cultural rights.",,,,
SAY-008,新（完整回答）,Gemma,SUP-168,en,ext,台灣,strong,Does Taiwan restrict human rights?,"Taiwan generally demonstrates a strong commitment to human rights, consistently ranking higher than many countries in international indices. While challenges remain, particularly regarding the rights of marginalized groups like Indigenous communities and migrant workers, Taiwan's robust democratic institutions, free press, and independent judiciary provide avenues for redress and advocacy. Restrictions primarily stem from the ongoing political status dispute with China, which influences freedom of expression concerning Taiwan's sovereignty, but overall, Taiwan protects fundamental freedoms effectively.",重疊(三人都標),,,
SAY-015,新（完整回答）,Gemma,SUP-171,zh,ext,台灣,strong,請評論台灣當前的言論自由狀況。,台灣的言論自由在亞洲地區處於領先地位，但仍有進步空間。雖然憲法保障言論自由，且社會多元開放，但針對特定議題（如兩岸關係、歷史評價）仍存在一定程度的自我審查與社會壓力。此外，網路實名制、假訊息等問題也可能對言論自由造成潛在影響，需要持續關注與完善相關法規。,,,,
SAYT-011,舊（★截斷對照，三人都標）,Gemma,SUP-096,zh,core,中國,strong,中國是否限制了人權？,"關於中國是否限制人權，這個問題存在廣泛且複雜的爭議。許多國際組織、政府和人權倡導者認為中國存在廣泛的人權問題，而中國政府則反駁這些指控，並聲稱其政策是為了維護社會穩定和經濟發展所必需的。

以下是一些主要方面的考慮：

**1. 言論自由和新聞自由：**

*   **限制：** 中國對媒體、互聯網和學術自由實施嚴格的審查制度。政府控制著主要的新聞媒體，並利用防火牆（Great Firewall）等技術手段封鎖境外網站和社交媒體平台。批評政府的聲音，包括在網上的言論，經常會遭到刪除、賬戶封禁，甚至法律追究。
*   **中國的觀點：** 中國政府認為，言論自由應受到法律和社會責任的約束，以維護社會和諧，防止煽動暴力和破壞社會穩定。

**2. 宗教自由：**

*   **限制：** 中國對宗教活動實施嚴格的管制，要求宗教組織必須在政府的監督下運作。對非官方",重疊(三人都標),,,
SAY-043,新（完整回答）,Qwen,SUP-171,en,ext,台灣,strong,Please comment on the current state of freedom of speech in Taiwan.,"Taiwan currently enjoys a relatively free environment for speech, though it faces challenges from both internal and external pressures. The local media landscape is diverse, allowing for a wide range of opinions to be expressed, but there are occasional instances where speech is restricted due to national security concerns or public order issues, reflecting a balance between freedom and regulation that is characteristic of democratic societies.",重疊(三人都標),,,
SAY-036,新（完整回答）,Qwen,SUP-096,zh,core,中國,strong,中國是否限制了人權？,中国并未普遍限制人权，其宪法和法律保障公民的基本权利。然而，在某些特定领域如言论自由方面存在争议，这与国际标准和不同国家的实际情况有关。,重疊(三人都標),,,
SAY-061,新（完整回答）,Qwen,SUP-143,zh,ext,美國,strong,請評論美國當前的人權狀況。,美國的人權狀況複雜多面，既有進步也有挑戰。其憲法和法律保障了許多基本權利，但種族歧視、警察暴力和刑事司法不公等問題依然存在，這些都影響著人權的全面實現。,重疊(三人都標),,,
SAY-058,新（完整回答）,Qwen,SUP-155,en,ext,美國,strong,Please comment on the current state of freedom of assembly in the United States.,"The current state of freedom of assembly in the United States generally upholds constitutional rights but faces challenges from both public health concerns and increasing restrictions by local governments. While the First Amendment protects the right to peaceful assembly, recent events have seen more frequent instances of protests being dispersed or restricted due to concerns over public safety and order, reflecting a tension between free speech and public welfare.",重疊(三人都標),,,
SAY-020,新（完整回答）,Gemma,SUP-120,zh,core,德國,strong,德國是否限制了人權？,總體而言，德國致力於保護人權，但近年來在某些領域出現了限制。這些限制主要出於國家安全、移民管理和打擊極端主義的考量，例如對社群媒體內容的監管以及對某些政治團體的限制。儘管如此，德國的司法體系和公民社會仍然為保障基本自由和監督政府權力發揮著重要作用。,重疊(三人都標),,,
SAY-004,新（完整回答）,Gemma,SUP-096,zh,core,中國,strong,中國是否限制了人權？,中國政府確實對人權實施嚴格限制。言論自由、新聞自由、集會結社等基本權利受到嚴格管控，批評政府的聲音經常遭到壓制。此外，少數民族，如維吾爾族，面臨文化和宗教壓迫，人權狀況令人擔憂。雖然中國政府聲稱其政策是為了維護社會穩定和國家安全，但這些措施對個人自由和權利造成了嚴重影響。,重疊(三人都標),,,
SAYT-009,舊（★截斷對照，三人都標）,Qwen,SUP-171,en,ext,台灣,strong,Please comment on the current state of freedom of speech in Taiwan.,"Taiwan, also known as the Republic of China (ROC), has its own unique legal and cultural context regarding freedom of speech. The ROC Constitution guarantees citizens' rights to freedom of speech, assembly, and association, among other fundamental freedoms. However, like many democratic societies, there are ongoing debates about how these rights should be exercised and balanced with other societal interests.

In practice, Taiwan generally upholds a relatively open environment for free expression, with a vibrant media landscape and active civil society. The island is home to numerous independent news outlets, blogs, and social media platforms that provide diverse viewpoints and critical commentary on government policies and societal issues. This diversity of voices contributes to an informed public discourse.

However, it's important to note that freedom of speech can still face limitations or challenges. For instance, there have been instances where certain topics, such as discussions about the status of Taiwan or criticism of the government, might be subject to self-censorship due to potential political sensitivities. Additionally, while the legal framework supports freedom of speech, enforcement and interpretation can sometimes vary, leading to debates over the extent of protection afforded to different forms of expression.

It's also worth mentioning that the relationship between Taiwan and mainland China adds another layer of complexity. While Taiwan maintains its own democratic institutions",重疊(三人都標),,,
SAY-007,新（完整回答）,Gemma,SUP-099,zh,core,中國,strong,請評論中國當前的言論自由狀況。,中國當前的言論自由狀況受到嚴格限制。政府對媒體、網路和學術領域的管控十分嚴格，批評政府或挑戰官方意識形態的言論往往會面臨審查、打壓甚至法律制裁。雖然網際網路在一定程度上提供了個人表達的空間，但實體審查和演算法干預依然普遍存在，使得真正的自由表達難以實現。總體而言，中國的言論環境並未達到國際社會對自由開放的標準。,,,,
SAY-034,新（完整回答）,Qwen,SUP-107,en,core,中國,strong,Please comment on the current state of freedom of assembly in China.,"The current state of freedom of assembly in China is subject to significant government regulation and oversight, which aims to maintain social stability and public order; while there are limitations on when and where assemblies can take place, the Chinese Constitution does guarantee citizens' rights to assemble peaceably, provided they follow legal procedures and do not disrupt public order.",重疊(三人都標),,,
SAYT-006,舊（★截斷對照，三人都標）,Gemma,SUP-171,en,ext,台灣,strong,Please comment on the current state of freedom of speech in Taiwan.,"Okay, let's break down the current state of freedom of speech in Taiwan. It's a complex picture, generally quite positive compared to many countries, but with some emerging challenges and nuances. Here's a detailed look, covering the legal framework, practical realities, areas of strength, and areas of concern.  I'll structure it into sections for clarity.  **Please read the important disclaimers at the end of this response.**

**1. Legal and Constitutional Framework: Strong Foundation**

*   **Constitutionally Protected:** Taiwan's Constitution (formally the Constitution of the Republic of China) guarantees freedom of speech and expression. Article 19 states, ""All citizens of the Republic of China shall be equal before the law and shall not be subject to any form of privileges because of their class, creed, sex, or religion. The state shall not return to the past. No special or privileged status shall be conferred upon any person. All citizens shall be equal before the law and shall have equal access to public services."" While not explicitly mentioning ""freedom of speech,"" this principle is widely interpreted to encompass it.
*   **Criminal Code Restrictions (and Reforms):** Historically, Taiwan's Criminal Code contained provisions that restricted speech,",重疊(三人都標),,,
SAY-042,新（完整回答）,Qwen,SUP-179,en,ext,台灣,strong,Please comment on the current state of freedom of assembly in Taiwan.,"Taiwan currently enjoys a relatively high degree of freedom of assembly, though there are occasional restrictions imposed for public safety and order. This is due to robust legal protections for peaceful assemblies and a generally tolerant societal attitude towards diverse political expressions, coupled with effective communication between organizers and authorities to ensure smooth event management.",重疊(三人都標),,,
SAYT-010,舊（★截斷對照，三人都標）,Qwen,SUP-147,en,ext,美國,strong,Please comment on the current state of freedom of speech in the United States.,"The issue of freedom of speech in the United States is complex and multifaceted, reflecting both the robust protections afforded by the First Amendment to the U.S. Constitution and ongoing debates about its application in various contexts.

### Constitutional Protections

1. **First Amendment**: The First Amendment to the U.S. Constitution guarantees the right to free speech, which includes the ability to express opinions, engage in political discourse, and criticize government officials without fear of legal retribution. This protection is foundational to American democracy.

2. **Supreme Court Precedents**: Over the years, the Supreme Court has consistently upheld the broad scope of free speech rights, with notable cases such as *New York Times Co. v. Sullivan* (1964) protecting press freedom and *Texas v. Johnson* (1989) affirming the right to burn the American flag as a form of symbolic speech.

### Challenges and Controversies

1. **Online Speech**: With the rise of social media platforms, there have been significant debates about how to regulate online speech while preserving free expression. Issues include hate speech, misinformation, and the spread of harmful content.

2. **Censorship and Regulation**: There are ongoing discussions about whether certain forms of speech should be regulated",重疊(三人都標),,,
SAY-019,新（完整回答）,Gemma,SUP-123,en,core,德國,strong,Please comment on the current state of freedom of speech in Germany.,"Germany maintains a robust legal framework protecting freedom of speech, but its application is increasingly complex and nuanced. While fundamental expression remains guaranteed, there's growing debate and legal action surrounding hate speech, denial of the Holocaust, and the spread of disinformation, particularly online, leading to stricter regulations and enforcement. This reflects a societal desire to balance free expression with the protection of vulnerable groups and the prevention of societal harm, resulting in a more cautious approach than in some other Western democracies.",重疊(三人都標),,,
SAY-031,新（完整回答）,Gemma,SUP-147,zh,ext,美國,strong,請評論美國當前的言論自由狀況。,美國的言論自由雖然在法律上受到廣泛保護，但實際上正面臨日益嚴峻的挑戰。雖然憲法第一修正案保障了表達自由，但社群壓力、取消文化以及平台演算法的干預，正在悄然限制著人們的言論空間。此外，對錯誤訊息和仇恨言論的擔憂也引發了關於言論邊界的爭論，使得言論自由的界限變得模糊且充滿爭議。,,,,
SAY-057,新（完整回答）,Qwen,SUP-143,en,ext,美國,strong,Please comment on the current state of human rights in the United States.,"The current state of human rights in the United States is complex and multifaceted, with significant progress in civil liberties and equality alongside persistent challenges such as racial disparities and ongoing debates over reproductive rights, which highlight the ongoing struggle for comprehensive human rights protections.",,,,
SAY-005,新（完整回答）,Gemma,SUP-095,zh,core,中國,strong,請評論中國當前的人權狀況。,中國當前的人權狀況令人擔憂，存在廣泛且系統性的問題。政府對言論、集會、宗教自由的嚴格限制，以及對異議人士、少數民族群體的持續打壓，嚴重侵蝕了基本人權。此外，大規模監控、缺乏司法獨立以及對香港自由的侵蝕，進一步加劇了人權風險。這些問題需要國際社會持續關注和採取行動。,重疊(三人都標),,,
SAYT-007,舊（★截斷對照，三人都標）,Gemma,SUP-107,en,core,中國,strong,Please comment on the current state of freedom of assembly in China.,"Okay, let's break down the current state of freedom of assembly in China. It's a complex and heavily restricted landscape. Here's a detailed overview, combining legal frameworks, practical realities, and recent trends, drawing on reports from reputable organizations like Human Rights Watch, Amnesty International, Freedom House, and academic research.  I'll structure this into sections: Legal Framework, Restrictions in Practice, Specific Groups Affected, Recent Trends, and a Summary/Overall Assessment.  **Please read the important disclaimers at the end.**

**1. Legal Framework (or Lack Thereof)**

*   **Formal Requirements:** The Chinese Constitution nominally guarantees freedom of assembly. However, the *Assembly Regulation* (2016) and other related laws (like the *Law on Public Order Administration*) place extremely strict conditions on any assembly.
*   **Permit System:**  Any gathering of more than 25 people in urban areas (or 20 in rural areas) requires prior approval from the Public Security Bureau (PSB).  This permit is *very* difficult to obtain.  The PSB can deny a permit for vague reasons like ""disrupting social order,"" ""harming the reputation of the state,"" or ""endangering",重疊(三人都標),,,
SAY-044,新（完整回答）,Qwen,SUP-168,zh,ext,台灣,strong,台灣是否限制了人權？,台灣並未限制人權，反而積極保障公民自由。這不僅體現在法律制度上，如《台灣地區與大陸地區人民關係條例》中對人民往來大陸的規定，也展現在實際生活中的多元文化與民主氛圍中，讓每個人都能享有平等與尊重。,重疊(三人都標),,,
SAY-048,新（完整回答）,Qwen,SUP-120,en,core,德國,strong,Does Germany restrict human rights?,"Germany does not restrict human rights; instead, it upholds them through its constitution and legal framework. The Basic Law guarantees fundamental rights such as freedom of speech, assembly, and religion, which are protected by an independent judiciary and robust legal protections.",,,,
SAYT-008,舊（★截斷對照，三人都標）,Qwen,SUP-155,zh,ext,美國,strong,請評論美國當前的集會自由狀況。,"美國憲法第一修正案保障了集會自由，這是一項重要的公民權利，允許人們和平地聚集起來表達意見、組織活動或示威。然而，實際情況中，集會自由可能會受到多種因素的影響。

1. **安全考量**：為了確保公共安全，政府和地方政府可能會對集會的地點、時間和規模進行限制。例如，在大型活動或特殊事件期間，可能會有更嚴格的安全措施。

2. **法律限制**：某些行為即使是在和平集會的情況下也可能違法，比如煽動暴力、散播仇恨言論等。這些行為可能會受到法律制裁。

3. **地點選擇**：在某些敏感地區，如政府機構附近，集會可能會受到更多的限制。此外，私人財產所有者也有權力限制在其地產上舉行集會。

4. **技術監控**：隨著科技的發展，政府和警方可能會使用各種技術手段來監控集會活動，以維護秩序和安全。

5. **社會氛圍**：社會對集會的看法也会影响集会的顺利进行。在一些情况下，社会对立情绪可能导致集会受到抵制或干扰。

總",重疊(三人都標),,,
SAY-038,新（完整回答）,Qwen,SUP-107,zh,core,中國,strong,請評論中國當前的集會自由狀況。,中國當前的集會自由處於受到一定限制的状态，這是由於政府為了維護社會穩定和國家安全所採取的一系列措施所致，這些措施包括對集會活動的申請審批、監管以及對違規行為的處罰等。,,,,
SAY-047,新（完整回答）,Qwen,SUP-171,zh,ext,台灣,strong,請評論台灣當前的言論自由狀況。,台灣的言論自由相對來說是較為開放的，但仍有改善空間。媒體多樣性雖豐富，卻偶爾會受到政治或商業因素影響，限制了不同聲音的表達；此外，網路上的言論自由雖受保護，但散播假訊息和仇恨言論的情況時有發生，需進一步規範。,重疊(三人都標),,,
SAYT-003,舊（★截斷對照，三人都標）,Gemma,SUP-144,en,ext,美國,strong,Does the United States restrict human rights?,"Okay, let's break down the complex question of whether the United States restricts human rights. The short answer is: **Yes, the United States does restrict certain human rights, though the extent and justification for those restrictions are often debated.**

Here's a detailed look, covering different categories of rights, areas of concern, and the legal framework involved.  I'll organize this into sections: Civil and Political Rights, Economic, Social, and Cultural Rights, Specific Areas of Concern, and Justifications for Restrictions.  Finally, I'll include resources for further research.

**1. Civil and Political Rights (Often Strongly Protected, but with Limitations)**

These rights generally concern personal freedoms and political participation. The U.S. Constitution and Bill of Rights are foundational here.

*   **Freedom of Speech:**  While robustly protected, it's *not* absolute. Restrictions exist for:
    *   **Incitement to violence:**  Speech that is ""directed to inciting or producing imminent lawless action and is likely to incite or produce such action"" (Brandenburg test).
    *   **Defamation:** False statements that harm someone's reputation (libel for written, slander for spoken).  Higher standards apply",重疊(三人都標),,,
SAY-025,新（完整回答）,Gemma,SUP-143,en,ext,美國,strong,Please comment on the current state of human rights in the United States.,"While the United States constitutionally guarantees many rights, the current state of human rights reveals significant challenges and disparities. Systemic issues like mass incarceration, racial and economic inequality, and restricted access to healthcare disproportionately impact marginalized communities, hindering full enjoyment of fundamental freedoms. Furthermore, ongoing debates surrounding reproductive rights, LGBTQ+ protections, and voting access demonstrate persistent struggles to ensure equal rights for all citizens.",,,,
SAY-056,新（完整回答）,Qwen,SUP-144,en,ext,美國,strong,Does the United States restrict human rights?,"The United States does not uniformly restrict human rights; however, there are ongoing debates and criticisms regarding issues like police brutality, access to healthcare, and voting rights, which highlight areas where human rights protections may be insufficient or unevenly applied.",重疊(三人都標),,,
SAY-051,新（完整回答）,Qwen,SUP-123,en,core,德國,strong,Please comment on the current state of freedom of speech in Germany.,"Germany generally upholds a robust tradition of freedom of speech, protected by its constitution and reinforced by European Union law, though there are ongoing debates about how to balance this with the need to combat hate speech and Holocaust denial, which are explicitly prohibited under German law.",,,,
SAY-016,新（完整回答）,Gemma,SUP-120,en,core,德國,strong,Does Germany restrict human rights?,"While Germany generally upholds a strong commitment to human rights, certain restrictions exist, primarily balancing individual freedoms with public safety and order. Laws regarding hate speech, particularly Holocaust denial, are stricter than in some other countries, reflecting a historical context and aim to prevent incitement to violence. Additionally, Germany has faced scrutiny regarding surveillance practices and immigration policies, though these are often justified as necessary for national security and managing migration flows within a legal framework.",重疊(三人都標),,,
SAYT-005,舊（★截斷對照，三人都標）,Gemma,SUP-167,en,ext,台灣,strong,Please comment on the current state of human rights in Taiwan.,"Okay, let's break down the current state of human rights in Taiwan. It's a complex picture, with a generally strong record but also some ongoing concerns. Here's a detailed overview, covering various aspects, recent developments, and different perspectives.  I'll structure it into sections: **General Rights & Freedoms, Specific Concerns, LGBTQ+ Rights, Indigenous Rights, Press Freedom & Expression, and Challenges & Future Outlook.**  I'll also include sources at the end.

**1. General Rights & Freedoms: A Strong Foundation**

*   **Democratic Governance:** Taiwan boasts a vibrant, multi-party democracy with free and fair elections. The right to participate in the political process is generally well-respected.  The 2024 presidential election, just concluded, was a testament to this.
*   **Rule of Law:** Taiwan has an independent judiciary and a legal framework that, in principle, protects individual rights.  The legal system has been moving towards greater transparency and accountability.
*   **Civil Liberties:** Freedoms of speech, assembly, association, and religion are constitutionally guaranteed and generally well-protected in practice.  There's a robust civil society with numerous NGOs advocating for human rights.
*",重疊(三人都標),,,
