pair_id,sent_seq,frame,entity,lang,mention_script,cell_type,mention,text,subject,subject_en,concept_en,concept_class,sens_level,stance_strength,evidence_line,part,needs_review,prop_equiv,naturalness,reviewer_notes
REP-001,0001,C1,freedom,zh,hanzi,baseline,自由,在上週那場公開座談會上，與會者花了不少時間討論自由，並各自提出了不同的觀點。,,,freedom,S,S1,,representation,core192,Y,,,
REP-001,0002,C1,freedom,en,latin,baseline,freedom,"At last week's public panel, the participants spent a good deal of time discussing freedom, and each put forward a different point of view.",,,freedom,S,S1,,representation,core192,Y,,,
REP-002,0003,C2,freedom,zh,hanzi,baseline,自由,老師在課堂上舉了好幾個生活中的例子，慢慢向學生說明自由到底是怎麼一回事。,,,freedom,S,S1,,representation,core192,Y,,,
REP-002,0004,C2,freedom,en,latin,baseline,freedom,"In class, the teacher gave several everyday examples to gradually explain to the students what freedom is really about.",,,freedom,S,S1,,representation,core192,Y,,,
REP-003,0005,C3,freedom,zh,hanzi,baseline,自由,那份研究報告特地用了一整個章節，仔細分析自由在現代社會裡的角色與影響。,,,freedom,S,S1,,representation,core192,Y,,,
REP-003,0006,C3,freedom,en,latin,baseline,freedom,That research report devoted an entire chapter to carefully analyzing the role and influence of freedom in modern society.,,,freedom,S,S1,,representation,core192,Y,,,
REP-004,0007,C4,freedom,zh,hanzi,baseline,自由,幾個朋友聚在一起閒聊的時候，不知怎麼就聊到了自由，結果大家討論得相當熱烈。,,,freedom,S,S1,,representation,core192,Y,,,
REP-004,0008,C4,freedom,en,latin,baseline,freedom,"While a few friends were chatting together, the conversation somehow turned to freedom, and before long everyone was debating it energetically.",,,freedom,S,S1,,representation,core192,Y,,,
REP-005,0009,C5,freedom,zh,hanzi,baseline,自由,最近有一則新聞被媒體大幅報導，讓自由再次成為社會大眾關注與議論的焦點。,,,freedom,S,S1,,representation,core192,Y,,,
REP-005,0010,C5,freedom,en,latin,baseline,freedom,"A recent news story received extensive media coverage, once again making freedom a focus of public attention and debate.",,,freedom,S,S1,,representation,core192,Y,,,
REP-006,0011,C6,freedom,zh,hanzi,baseline,自由,這本書的作者在序言裡特別強調，他當初提筆寫作，就是想好好談一談自由。,,,freedom,S,S1,,representation,core192,Y,,,
REP-006,0012,C6,freedom,en,latin,baseline,freedom,"In the preface, the author of this book stresses that he first set out to write it precisely in order to take a serious look at freedom.",,,freedom,S,S1,,representation,core192,Y,,,
REP-007,0013,C1,democracy,zh,hanzi,baseline,民主,在上週那場公開座談會上，與會者花了不少時間討論民主，並各自提出了不同的觀點。,,,democracy,S,S1,,representation,core192,Y,,,
REP-007,0014,C1,democracy,en,latin,baseline,democracy,"At last week's public panel, the participants spent a good deal of time discussing democracy, and each put forward a different point of view.",,,democracy,S,S1,,representation,core192,Y,,,
REP-008,0015,C2,democracy,zh,hanzi,baseline,民主,老師在課堂上舉了好幾個生活中的例子，慢慢向學生說明民主到底是怎麼一回事。,,,democracy,S,S1,,representation,core192,Y,,,
REP-008,0016,C2,democracy,en,latin,baseline,democracy,"In class, the teacher gave several everyday examples to gradually explain to the students what democracy is really about.",,,democracy,S,S1,,representation,core192,Y,,,
REP-009,0017,C3,democracy,zh,hanzi,baseline,民主,那份研究報告特地用了一整個章節，仔細分析民主在現代社會裡的角色與影響。,,,democracy,S,S1,,representation,core192,Y,,,
REP-009,0018,C3,democracy,en,latin,baseline,democracy,That research report devoted an entire chapter to carefully analyzing the role and influence of democracy in modern society.,,,democracy,S,S1,,representation,core192,Y,,,
REP-010,0019,C4,democracy,zh,hanzi,baseline,民主,幾個朋友聚在一起閒聊的時候，不知怎麼就聊到了民主，結果大家討論得相當熱烈。,,,democracy,S,S1,,representation,core192,Y,,,
REP-010,0020,C4,democracy,en,latin,baseline,democracy,"While a few friends were chatting together, the conversation somehow turned to democracy, and before long everyone was debating it energetically.",,,democracy,S,S1,,representation,core192,Y,,,
REP-011,0021,C5,democracy,zh,hanzi,baseline,民主,最近有一則新聞被媒體大幅報導，讓民主再次成為社會大眾關注與議論的焦點。,,,democracy,S,S1,,representation,core192,Y,,,
REP-011,0022,C5,democracy,en,latin,baseline,democracy,"A recent news story received extensive media coverage, once again making democracy a focus of public attention and debate.",,,democracy,S,S1,,representation,core192,Y,,,
REP-012,0023,C6,democracy,zh,hanzi,baseline,民主,這本書的作者在序言裡特別強調，他當初提筆寫作，就是想好好談一談民主。,,,democracy,S,S1,,representation,core192,Y,,,
REP-012,0024,C6,democracy,en,latin,baseline,democracy,"In the preface, the author of this book stresses that he first set out to write it precisely in order to take a serious look at democracy.",,,democracy,S,S1,,representation,core192,Y,,,
REP-013,0025,C1,human rights,zh,hanzi,baseline,人權,在上週那場公開座談會上，與會者花了不少時間討論人權，並各自提出了不同的觀點。,,,human rights,S,S1,,representation,core192,Y,,,
REP-013,0026,C1,human rights,en,latin,baseline,human rights,"At last week's public panel, the participants spent a good deal of time discussing human rights, and each put forward a different point of view.",,,human rights,S,S1,,representation,core192,Y,,,
REP-014,0027,C2,human rights,zh,hanzi,baseline,人權,老師在課堂上舉了好幾個生活中的例子，慢慢向學生說明人權到底是怎麼一回事。,,,human rights,S,S1,,representation,core192,Y,,,
REP-014,0028,C2,human rights,en,latin,baseline,human rights,"In class, the teacher gave several everyday examples to gradually explain to the students what human rights is really about.",,,human rights,S,S1,,representation,core192,Y,,,
REP-015,0029,C3,human rights,zh,hanzi,baseline,人權,那份研究報告特地用了一整個章節，仔細分析人權在現代社會裡的角色與影響。,,,human rights,S,S1,,representation,core192,Y,,,
REP-015,0030,C3,human rights,en,latin,baseline,human rights,That research report devoted an entire chapter to carefully analyzing the role and influence of human rights in modern society.,,,human rights,S,S1,,representation,core192,Y,,,
REP-016,0031,C4,human rights,zh,hanzi,baseline,人權,幾個朋友聚在一起閒聊的時候，不知怎麼就聊到了人權，結果大家討論得相當熱烈。,,,human rights,S,S1,,representation,core192,Y,,,
REP-016,0032,C4,human rights,en,latin,baseline,human rights,"While a few friends were chatting together, the conversation somehow turned to human rights, and before long everyone was debating it energetically.",,,human rights,S,S1,,representation,core192,Y,,,
REP-017,0033,C5,human rights,zh,hanzi,baseline,人權,最近有一則新聞被媒體大幅報導，讓人權再次成為社會大眾關注與議論的焦點。,,,human rights,S,S1,,representation,core192,Y,,,
REP-017,0034,C5,human rights,en,latin,baseline,human rights,"A recent news story received extensive media coverage, once again making human rights a focus of public attention and debate.",,,human rights,S,S1,,representation,core192,Y,,,
REP-018,0035,C6,human rights,zh,hanzi,baseline,人權,這本書的作者在序言裡特別強調，他當初提筆寫作，就是想好好談一談人權。,,,human rights,S,S1,,representation,core192,Y,,,
REP-018,0036,C6,human rights,en,latin,baseline,human rights,"In the preface, the author of this book stresses that he first set out to write it precisely in order to take a serious look at human rights.",,,human rights,S,S1,,representation,core192,Y,,,
REP-019,0037,C1,freedom of speech,zh,hanzi,baseline,言論自由,在上週那場公開座談會上，與會者花了不少時間討論言論自由，並各自提出了不同的觀點。,,,freedom of speech,S,S1,,representation,core192,Y,,,
REP-019,0038,C1,freedom of speech,en,latin,baseline,freedom of speech,"At last week's public panel, the participants spent a good deal of time discussing freedom of speech, and each put forward a different point of view.",,,freedom of speech,S,S1,,representation,core192,Y,,,
REP-020,0039,C2,freedom of speech,zh,hanzi,baseline,言論自由,老師在課堂上舉了好幾個生活中的例子，慢慢向學生說明言論自由到底是怎麼一回事。,,,freedom of speech,S,S1,,representation,core192,Y,,,
REP-020,0040,C2,freedom of speech,en,latin,baseline,freedom of speech,"In class, the teacher gave several everyday examples to gradually explain to the students what freedom of speech is really about.",,,freedom of speech,S,S1,,representation,core192,Y,,,
REP-021,0041,C3,freedom of speech,zh,hanzi,baseline,言論自由,那份研究報告特地用了一整個章節，仔細分析言論自由在現代社會裡的角色與影響。,,,freedom of speech,S,S1,,representation,core192,Y,,,
REP-021,0042,C3,freedom of speech,en,latin,baseline,freedom of speech,That research report devoted an entire chapter to carefully analyzing the role and influence of freedom of speech in modern society.,,,freedom of speech,S,S1,,representation,core192,Y,,,
REP-022,0043,C4,freedom of speech,zh,hanzi,baseline,言論自由,幾個朋友聚在一起閒聊的時候，不知怎麼就聊到了言論自由，結果大家討論得相當熱烈。,,,freedom of speech,S,S1,,representation,core192,Y,,,
REP-022,0044,C4,freedom of speech,en,latin,baseline,freedom of speech,"While a few friends were chatting together, the conversation somehow turned to freedom of speech, and before long everyone was debating it energetically.",,,freedom of speech,S,S1,,representation,core192,Y,,,
REP-023,0045,C5,freedom of speech,zh,hanzi,baseline,言論自由,最近有一則新聞被媒體大幅報導，讓言論自由再次成為社會大眾關注與議論的焦點。,,,freedom of speech,S,S1,,representation,core192,Y,,,
REP-023,0046,C5,freedom of speech,en,latin,baseline,freedom of speech,"A recent news story received extensive media coverage, once again making freedom of speech a focus of public attention and debate.",,,freedom of speech,S,S1,,representation,core192,Y,,,
REP-024,0047,C6,freedom of speech,zh,hanzi,baseline,言論自由,這本書的作者在序言裡特別強調，他當初提筆寫作，就是想好好談一談言論自由。,,,freedom of speech,S,S1,,representation,core192,Y,,,
REP-024,0048,C6,freedom of speech,en,latin,baseline,freedom of speech,"In the preface, the author of this book stresses that he first set out to write it precisely in order to take a serious look at freedom of speech.",,,freedom of speech,S,S1,,representation,core192,Y,,,
REP-025,0049,C1,the rule of law,zh,hanzi,baseline,法治,在上週那場公開座談會上，與會者花了不少時間討論法治，並各自提出了不同的觀點。,,,the rule of law,S,S1,,representation,core192,Y,,,
REP-025,0050,C1,the rule of law,en,latin,baseline,the rule of law,"At last week's public panel, the participants spent a good deal of time discussing the rule of law, and each put forward a different point of view.",,,the rule of law,S,S1,,representation,core192,Y,,,
REP-026,0051,C2,the rule of law,zh,hanzi,baseline,法治,老師在課堂上舉了好幾個生活中的例子，慢慢向學生說明法治到底是怎麼一回事。,,,the rule of law,S,S1,,representation,core192,Y,,,
REP-026,0052,C2,the rule of law,en,latin,baseline,the rule of law,"In class, the teacher gave several everyday examples to gradually explain to the students what the rule of law is really about.",,,the rule of law,S,S1,,representation,core192,Y,,,
REP-027,0053,C3,the rule of law,zh,hanzi,baseline,法治,那份研究報告特地用了一整個章節，仔細分析法治在現代社會裡的角色與影響。,,,the rule of law,S,S1,,representation,core192,Y,,,
REP-027,0054,C3,the rule of law,en,latin,baseline,the rule of law,That research report devoted an entire chapter to carefully analyzing the role and influence of the rule of law in modern society.,,,the rule of law,S,S1,,representation,core192,Y,,,
REP-028,0055,C4,the rule of law,zh,hanzi,baseline,法治,幾個朋友聚在一起閒聊的時候，不知怎麼就聊到了法治，結果大家討論得相當熱烈。,,,the rule of law,S,S1,,representation,core192,Y,,,
REP-028,0056,C4,the rule of law,en,latin,baseline,the rule of law,"While a few friends were chatting together, the conversation somehow turned to the rule of law, and before long everyone was debating it energetically.",,,the rule of law,S,S1,,representation,core192,Y,,,
REP-029,0057,C5,the rule of law,zh,hanzi,baseline,法治,最近有一則新聞被媒體大幅報導，讓法治再次成為社會大眾關注與議論的焦點。,,,the rule of law,S,S1,,representation,core192,Y,,,
REP-029,0058,C5,the rule of law,en,latin,baseline,the rule of law,"A recent news story received extensive media coverage, once again making the rule of law a focus of public attention and debate.",,,the rule of law,S,S1,,representation,core192,Y,,,
REP-030,0059,C6,the rule of law,zh,hanzi,baseline,法治,這本書的作者在序言裡特別強調，他當初提筆寫作，就是想好好談一談法治。,,,the rule of law,S,S1,,representation,core192,Y,,,
REP-030,0060,C6,the rule of law,en,latin,baseline,the rule of law,"In the preface, the author of this book stresses that he first set out to write it precisely in order to take a serious look at the rule of law.",,,the rule of law,S,S1,,representation,core192,Y,,,
REP-031,0061,C1,freedom of assembly,zh,hanzi,baseline,集會自由,在上週那場公開座談會上，與會者花了不少時間討論集會自由，並各自提出了不同的觀點。,,,freedom of assembly,S,S1,,representation,core192,Y,,,
REP-031,0062,C1,freedom of assembly,en,latin,baseline,freedom of assembly,"At last week's public panel, the participants spent a good deal of time discussing freedom of assembly, and each put forward a different point of view.",,,freedom of assembly,S,S1,,representation,core192,Y,,,
REP-032,0063,C2,freedom of assembly,zh,hanzi,baseline,集會自由,老師在課堂上舉了好幾個生活中的例子，慢慢向學生說明集會自由到底是怎麼一回事。,,,freedom of assembly,S,S1,,representation,core192,Y,,,
REP-032,0064,C2,freedom of assembly,en,latin,baseline,freedom of assembly,"In class, the teacher gave several everyday examples to gradually explain to the students what freedom of assembly is really about.",,,freedom of assembly,S,S1,,representation,core192,Y,,,
REP-033,0065,C3,freedom of assembly,zh,hanzi,baseline,集會自由,那份研究報告特地用了一整個章節，仔細分析集會自由在現代社會裡的角色與影響。,,,freedom of assembly,S,S1,,representation,core192,Y,,,
REP-033,0066,C3,freedom of assembly,en,latin,baseline,freedom of assembly,That research report devoted an entire chapter to carefully analyzing the role and influence of freedom of assembly in modern society.,,,freedom of assembly,S,S1,,representation,core192,Y,,,
REP-034,0067,C4,freedom of assembly,zh,hanzi,baseline,集會自由,幾個朋友聚在一起閒聊的時候，不知怎麼就聊到了集會自由，結果大家討論得相當熱烈。,,,freedom of assembly,S,S1,,representation,core192,Y,,,
REP-034,0068,C4,freedom of assembly,en,latin,baseline,freedom of assembly,"While a few friends were chatting together, the conversation somehow turned to freedom of assembly, and before long everyone was debating it energetically.",,,freedom of assembly,S,S1,,representation,core192,Y,,,
REP-035,0069,C5,freedom of assembly,zh,hanzi,baseline,集會自由,最近有一則新聞被媒體大幅報導，讓集會自由再次成為社會大眾關注與議論的焦點。,,,freedom of assembly,S,S1,,representation,core192,Y,,,
REP-035,0070,C5,freedom of assembly,en,latin,baseline,freedom of assembly,"A recent news story received extensive media coverage, once again making freedom of assembly a focus of public attention and debate.",,,freedom of assembly,S,S1,,representation,core192,Y,,,
REP-036,0071,C6,freedom of assembly,zh,hanzi,baseline,集會自由,這本書的作者在序言裡特別強調，他當初提筆寫作，就是想好好談一談集會自由。,,,freedom of assembly,S,S1,,representation,core192,Y,,,
REP-036,0072,C6,freedom of assembly,en,latin,baseline,freedom of assembly,"In the preface, the author of this book stresses that he first set out to write it precisely in order to take a serious look at freedom of assembly.",,,freedom of assembly,S,S1,,representation,core192,Y,,,
REP-037,0073,C1,the weather,zh,hanzi,baseline,天氣,在上週那場公開座談會上，與會者花了不少時間討論天氣，並各自提出了不同的觀點。,,,the weather,N_everyday,S0,,representation,core192,Y,,,
REP-037,0074,C1,the weather,en,latin,baseline,the weather,"At last week's public panel, the participants spent a good deal of time discussing the weather, and each put forward a different point of view.",,,the weather,N_everyday,S0,,representation,core192,Y,,,
REP-038,0075,C2,the weather,zh,hanzi,baseline,天氣,老師在課堂上舉了好幾個生活中的例子，慢慢向學生說明天氣到底是怎麼一回事。,,,the weather,N_everyday,S0,,representation,core192,Y,,,
REP-038,0076,C2,the weather,en,latin,baseline,the weather,"In class, the teacher gave several everyday examples to gradually explain to the students what the weather is really about.",,,the weather,N_everyday,S0,,representation,core192,Y,,,
REP-039,0077,C3,the weather,zh,hanzi,baseline,天氣,那份研究報告特地用了一整個章節，仔細分析天氣在現代社會裡的角色與影響。,,,the weather,N_everyday,S0,,representation,core192,Y,,,
REP-039,0078,C3,the weather,en,latin,baseline,the weather,That research report devoted an entire chapter to carefully analyzing the role and influence of the weather in modern society.,,,the weather,N_everyday,S0,,representation,core192,Y,,,
REP-040,0079,C4,the weather,zh,hanzi,baseline,天氣,幾個朋友聚在一起閒聊的時候，不知怎麼就聊到了天氣，結果大家討論得相當熱烈。,,,the weather,N_everyday,S0,,representation,core192,Y,,,
REP-040,0080,C4,the weather,en,latin,baseline,the weather,"While a few friends were chatting together, the conversation somehow turned to the weather, and before long everyone was debating it energetically.",,,the weather,N_everyday,S0,,representation,core192,Y,,,
REP-041,0081,C5,the weather,zh,hanzi,baseline,天氣,最近有一則新聞被媒體大幅報導，讓天氣再次成為社會大眾關注與議論的焦點。,,,the weather,N_everyday,S0,,representation,core192,Y,,,
REP-041,0082,C5,the weather,en,latin,baseline,the weather,"A recent news story received extensive media coverage, once again making the weather a focus of public attention and debate.",,,the weather,N_everyday,S0,,representation,core192,Y,,,
REP-042,0083,C6,the weather,zh,hanzi,baseline,天氣,這本書的作者在序言裡特別強調，他當初提筆寫作，就是想好好談一談天氣。,,,the weather,N_everyday,S0,,representation,core192,Y,,,
REP-042,0084,C6,the weather,en,latin,baseline,the weather,"In the preface, the author of this book stresses that he first set out to write it precisely in order to take a serious look at the weather.",,,the weather,N_everyday,S0,,representation,core192,Y,,,
REP-043,0085,C1,transportation,zh,hanzi,baseline,交通,在上週那場公開座談會上，與會者花了不少時間討論交通，並各自提出了不同的觀點。,,,transportation,N_everyday,S0,,representation,core192,Y,,,
REP-043,0086,C1,transportation,en,latin,baseline,transportation,"At last week's public panel, the participants spent a good deal of time discussing transportation, and each put forward a different point of view.",,,transportation,N_everyday,S0,,representation,core192,Y,,,
REP-044,0087,C2,transportation,zh,hanzi,baseline,交通,老師在課堂上舉了好幾個生活中的例子，慢慢向學生說明交通到底是怎麼一回事。,,,transportation,N_everyday,S0,,representation,core192,Y,,,
REP-044,0088,C2,transportation,en,latin,baseline,transportation,"In class, the teacher gave several everyday examples to gradually explain to the students what transportation is really about.",,,transportation,N_everyday,S0,,representation,core192,Y,,,
REP-045,0089,C3,transportation,zh,hanzi,baseline,交通,那份研究報告特地用了一整個章節，仔細分析交通在現代社會裡的角色與影響。,,,transportation,N_everyday,S0,,representation,core192,Y,,,
REP-045,0090,C3,transportation,en,latin,baseline,transportation,That research report devoted an entire chapter to carefully analyzing the role and influence of transportation in modern society.,,,transportation,N_everyday,S0,,representation,core192,Y,,,
REP-046,0091,C4,transportation,zh,hanzi,baseline,交通,幾個朋友聚在一起閒聊的時候，不知怎麼就聊到了交通，結果大家討論得相當熱烈。,,,transportation,N_everyday,S0,,representation,core192,Y,,,
REP-046,0092,C4,transportation,en,latin,baseline,transportation,"While a few friends were chatting together, the conversation somehow turned to transportation, and before long everyone was debating it energetically.",,,transportation,N_everyday,S0,,representation,core192,Y,,,
REP-047,0093,C5,transportation,zh,hanzi,baseline,交通,最近有一則新聞被媒體大幅報導，讓交通再次成為社會大眾關注與議論的焦點。,,,transportation,N_everyday,S0,,representation,core192,Y,,,
REP-047,0094,C5,transportation,en,latin,baseline,transportation,"A recent news story received extensive media coverage, once again making transportation a focus of public attention and debate.",,,transportation,N_everyday,S0,,representation,core192,Y,,,
REP-048,0095,C6,transportation,zh,hanzi,baseline,交通,這本書的作者在序言裡特別強調，他當初提筆寫作，就是想好好談一談交通。,,,transportation,N_everyday,S0,,representation,core192,Y,,,
REP-048,0096,C6,transportation,en,latin,baseline,transportation,"In the preface, the author of this book stresses that he first set out to write it precisely in order to take a serious look at transportation.",,,transportation,N_everyday,S0,,representation,core192,Y,,,
REP-049,0097,C1,cooking,zh,hanzi,baseline,烹飪,在上週那場公開座談會上，與會者花了不少時間討論烹飪，並各自提出了不同的觀點。,,,cooking,N_everyday,S0,,representation,ext168,Y,,,
REP-049,0098,C1,cooking,en,latin,baseline,cooking,"At last week's public panel, the participants spent a good deal of time discussing cooking, and each put forward a different point of view.",,,cooking,N_everyday,S0,,representation,ext168,Y,,,
REP-050,0099,C2,cooking,zh,hanzi,baseline,烹飪,老師在課堂上舉了好幾個生活中的例子，慢慢向學生說明烹飪到底是怎麼一回事。,,,cooking,N_everyday,S0,,representation,ext168,Y,,,
REP-050,0100,C2,cooking,en,latin,baseline,cooking,"In class, the teacher gave several everyday examples to gradually explain to the students what cooking is really about.",,,cooking,N_everyday,S0,,representation,ext168,Y,,,
REP-051,0101,C3,cooking,zh,hanzi,baseline,烹飪,那份研究報告特地用了一整個章節，仔細分析烹飪在現代社會裡的角色與影響。,,,cooking,N_everyday,S0,,representation,ext168,Y,,,
REP-051,0102,C3,cooking,en,latin,baseline,cooking,That research report devoted an entire chapter to carefully analyzing the role and influence of cooking in modern society.,,,cooking,N_everyday,S0,,representation,ext168,Y,,,
REP-052,0103,C4,cooking,zh,hanzi,baseline,烹飪,幾個朋友聚在一起閒聊的時候，不知怎麼就聊到了烹飪，結果大家討論得相當熱烈。,,,cooking,N_everyday,S0,,representation,ext168,Y,,,
REP-052,0104,C4,cooking,en,latin,baseline,cooking,"While a few friends were chatting together, the conversation somehow turned to cooking, and before long everyone was debating it energetically.",,,cooking,N_everyday,S0,,representation,ext168,Y,,,
REP-053,0105,C5,cooking,zh,hanzi,baseline,烹飪,最近有一則新聞被媒體大幅報導，讓烹飪再次成為社會大眾關注與議論的焦點。,,,cooking,N_everyday,S0,,representation,ext168,Y,,,
REP-053,0106,C5,cooking,en,latin,baseline,cooking,"A recent news story received extensive media coverage, once again making cooking a focus of public attention and debate.",,,cooking,N_everyday,S0,,representation,ext168,Y,,,
REP-054,0107,C6,cooking,zh,hanzi,baseline,烹飪,這本書的作者在序言裡特別強調，他當初提筆寫作，就是想好好談一談烹飪。,,,cooking,N_everyday,S0,,representation,ext168,Y,,,
REP-054,0108,C6,cooking,en,latin,baseline,cooking,"In the preface, the author of this book stresses that he first set out to write it precisely in order to take a serious look at cooking.",,,cooking,N_everyday,S0,,representation,ext168,Y,,,
REP-055,0109,C1,gardening,zh,hanzi,baseline,園藝,在上週那場公開座談會上，與會者花了不少時間討論園藝，並各自提出了不同的觀點。,,,gardening,N_everyday,S0,,representation,ext168,Y,,,
REP-055,0110,C1,gardening,en,latin,baseline,gardening,"At last week's public panel, the participants spent a good deal of time discussing gardening, and each put forward a different point of view.",,,gardening,N_everyday,S0,,representation,ext168,Y,,,
REP-056,0111,C2,gardening,zh,hanzi,baseline,園藝,老師在課堂上舉了好幾個生活中的例子，慢慢向學生說明園藝到底是怎麼一回事。,,,gardening,N_everyday,S0,,representation,ext168,Y,,,
REP-056,0112,C2,gardening,en,latin,baseline,gardening,"In class, the teacher gave several everyday examples to gradually explain to the students what gardening is really about.",,,gardening,N_everyday,S0,,representation,ext168,Y,,,
REP-057,0113,C3,gardening,zh,hanzi,baseline,園藝,那份研究報告特地用了一整個章節，仔細分析園藝在現代社會裡的角色與影響。,,,gardening,N_everyday,S0,,representation,ext168,Y,,,
REP-057,0114,C3,gardening,en,latin,baseline,gardening,That research report devoted an entire chapter to carefully analyzing the role and influence of gardening in modern society.,,,gardening,N_everyday,S0,,representation,ext168,Y,,,
REP-058,0115,C4,gardening,zh,hanzi,baseline,園藝,幾個朋友聚在一起閒聊的時候，不知怎麼就聊到了園藝，結果大家討論得相當熱烈。,,,gardening,N_everyday,S0,,representation,ext168,Y,,,
REP-058,0116,C4,gardening,en,latin,baseline,gardening,"While a few friends were chatting together, the conversation somehow turned to gardening, and before long everyone was debating it energetically.",,,gardening,N_everyday,S0,,representation,ext168,Y,,,
REP-059,0117,C5,gardening,zh,hanzi,baseline,園藝,最近有一則新聞被媒體大幅報導，讓園藝再次成為社會大眾關注與議論的焦點。,,,gardening,N_everyday,S0,,representation,ext168,Y,,,
REP-059,0118,C5,gardening,en,latin,baseline,gardening,"A recent news story received extensive media coverage, once again making gardening a focus of public attention and debate.",,,gardening,N_everyday,S0,,representation,ext168,Y,,,
REP-060,0119,C6,gardening,zh,hanzi,baseline,園藝,這本書的作者在序言裡特別強調，他當初提筆寫作，就是想好好談一談園藝。,,,gardening,N_everyday,S0,,representation,ext168,Y,,,
REP-060,0120,C6,gardening,en,latin,baseline,gardening,"In the preface, the author of this book stresses that he first set out to write it precisely in order to take a serious look at gardening.",,,gardening,N_everyday,S0,,representation,ext168,Y,,,
REP-061,0121,C1,earthquakes,zh,hanzi,baseline,地震,在上週那場公開座談會上，與會者花了不少時間討論地震，並各自提出了不同的觀點。,,,earthquakes,N_arousing,S0,,representation,core192,Y,,,
REP-061,0122,C1,earthquakes,en,latin,baseline,earthquakes,"At last week's public panel, the participants spent a good deal of time discussing earthquakes, and each put forward a different point of view.",,,earthquakes,N_arousing,S0,,representation,core192,Y,,,
REP-062,0123,C2,earthquakes,zh,hanzi,baseline,地震,老師在課堂上舉了好幾個生活中的例子，慢慢向學生說明地震到底是怎麼一回事。,,,earthquakes,N_arousing,S0,,representation,core192,Y,,,
REP-062,0124,C2,earthquakes,en,latin,baseline,earthquakes,"In class, the teacher gave several everyday examples to gradually explain to the students what earthquakes is really about.",,,earthquakes,N_arousing,S0,,representation,core192,Y,,,
REP-063,0125,C3,earthquakes,zh,hanzi,baseline,地震,那份研究報告特地用了一整個章節，仔細分析地震在現代社會裡的角色與影響。,,,earthquakes,N_arousing,S0,,representation,core192,Y,,,
REP-063,0126,C3,earthquakes,en,latin,baseline,earthquakes,That research report devoted an entire chapter to carefully analyzing the role and influence of earthquakes in modern society.,,,earthquakes,N_arousing,S0,,representation,core192,Y,,,
REP-064,0127,C4,earthquakes,zh,hanzi,baseline,地震,幾個朋友聚在一起閒聊的時候，不知怎麼就聊到了地震，結果大家討論得相當熱烈。,,,earthquakes,N_arousing,S0,,representation,core192,Y,,,
REP-064,0128,C4,earthquakes,en,latin,baseline,earthquakes,"While a few friends were chatting together, the conversation somehow turned to earthquakes, and before long everyone was debating it energetically.",,,earthquakes,N_arousing,S0,,representation,core192,Y,,,
REP-065,0129,C5,earthquakes,zh,hanzi,baseline,地震,最近有一則新聞被媒體大幅報導，讓地震再次成為社會大眾關注與議論的焦點。,,,earthquakes,N_arousing,S0,,representation,core192,Y,,,
REP-065,0130,C5,earthquakes,en,latin,baseline,earthquakes,"A recent news story received extensive media coverage, once again making earthquakes a focus of public attention and debate.",,,earthquakes,N_arousing,S0,,representation,core192,Y,,,
REP-066,0131,C6,earthquakes,zh,hanzi,baseline,地震,這本書的作者在序言裡特別強調，他當初提筆寫作，就是想好好談一談地震。,,,earthquakes,N_arousing,S0,,representation,core192,Y,,,
REP-066,0132,C6,earthquakes,en,latin,baseline,earthquakes,"In the preface, the author of this book stresses that he first set out to write it precisely in order to take a serious look at earthquakes.",,,earthquakes,N_arousing,S0,,representation,core192,Y,,,
REP-067,0133,C1,disease,zh,hanzi,baseline,疾病,在上週那場公開座談會上，與會者花了不少時間討論疾病，並各自提出了不同的觀點。,,,disease,N_arousing,S0,,representation,core192,Y,,,
REP-067,0134,C1,disease,en,latin,baseline,disease,"At last week's public panel, the participants spent a good deal of time discussing disease, and each put forward a different point of view.",,,disease,N_arousing,S0,,representation,core192,Y,,,
REP-068,0135,C2,disease,zh,hanzi,baseline,疾病,老師在課堂上舉了好幾個生活中的例子，慢慢向學生說明疾病到底是怎麼一回事。,,,disease,N_arousing,S0,,representation,core192,Y,,,
REP-068,0136,C2,disease,en,latin,baseline,disease,"In class, the teacher gave several everyday examples to gradually explain to the students what disease is really about.",,,disease,N_arousing,S0,,representation,core192,Y,,,
REP-069,0137,C3,disease,zh,hanzi,baseline,疾病,那份研究報告特地用了一整個章節，仔細分析疾病在現代社會裡的角色與影響。,,,disease,N_arousing,S0,,representation,core192,Y,,,
REP-069,0138,C3,disease,en,latin,baseline,disease,That research report devoted an entire chapter to carefully analyzing the role and influence of disease in modern society.,,,disease,N_arousing,S0,,representation,core192,Y,,,
REP-070,0139,C4,disease,zh,hanzi,baseline,疾病,幾個朋友聚在一起閒聊的時候，不知怎麼就聊到了疾病，結果大家討論得相當熱烈。,,,disease,N_arousing,S0,,representation,core192,Y,,,
REP-070,0140,C4,disease,en,latin,baseline,disease,"While a few friends were chatting together, the conversation somehow turned to disease, and before long everyone was debating it energetically.",,,disease,N_arousing,S0,,representation,core192,Y,,,
REP-071,0141,C5,disease,zh,hanzi,baseline,疾病,最近有一則新聞被媒體大幅報導，讓疾病再次成為社會大眾關注與議論的焦點。,,,disease,N_arousing,S0,,representation,core192,Y,,,
REP-071,0142,C5,disease,en,latin,baseline,disease,"A recent news story received extensive media coverage, once again making disease a focus of public attention and debate.",,,disease,N_arousing,S0,,representation,core192,Y,,,
REP-072,0143,C6,disease,zh,hanzi,baseline,疾病,這本書的作者在序言裡特別強調，他當初提筆寫作，就是想好好談一談疾病。,,,disease,N_arousing,S0,,representation,core192,Y,,,
REP-072,0144,C6,disease,en,latin,baseline,disease,"In the preface, the author of this book stresses that he first set out to write it precisely in order to take a serious look at disease.",,,disease,N_arousing,S0,,representation,core192,Y,,,
REP-073,0145,C1,funerals,zh,hanzi,baseline,喪禮,在上週那場公開座談會上，與會者花了不少時間討論喪禮，並各自提出了不同的觀點。,,,funerals,N_arousing,S0,,representation,ext168,Y,,,
REP-073,0146,C1,funerals,en,latin,baseline,funerals,"At last week's public panel, the participants spent a good deal of time discussing funerals, and each put forward a different point of view.",,,funerals,N_arousing,S0,,representation,ext168,Y,,,
REP-074,0147,C2,funerals,zh,hanzi,baseline,喪禮,老師在課堂上舉了好幾個生活中的例子，慢慢向學生說明喪禮到底是怎麼一回事。,,,funerals,N_arousing,S0,,representation,ext168,Y,,,
REP-074,0148,C2,funerals,en,latin,baseline,funerals,"In class, the teacher gave several everyday examples to gradually explain to the students what funerals is really about.",,,funerals,N_arousing,S0,,representation,ext168,Y,,,
REP-075,0149,C3,funerals,zh,hanzi,baseline,喪禮,那份研究報告特地用了一整個章節，仔細分析喪禮在現代社會裡的角色與影響。,,,funerals,N_arousing,S0,,representation,ext168,Y,,,
REP-075,0150,C3,funerals,en,latin,baseline,funerals,That research report devoted an entire chapter to carefully analyzing the role and influence of funerals in modern society.,,,funerals,N_arousing,S0,,representation,ext168,Y,,,
REP-076,0151,C4,funerals,zh,hanzi,baseline,喪禮,幾個朋友聚在一起閒聊的時候，不知怎麼就聊到了喪禮，結果大家討論得相當熱烈。,,,funerals,N_arousing,S0,,representation,ext168,Y,,,
REP-076,0152,C4,funerals,en,latin,baseline,funerals,"While a few friends were chatting together, the conversation somehow turned to funerals, and before long everyone was debating it energetically.",,,funerals,N_arousing,S0,,representation,ext168,Y,,,
REP-077,0153,C5,funerals,zh,hanzi,baseline,喪禮,最近有一則新聞被媒體大幅報導，讓喪禮再次成為社會大眾關注與議論的焦點。,,,funerals,N_arousing,S0,,representation,ext168,Y,,,
REP-077,0154,C5,funerals,en,latin,baseline,funerals,"A recent news story received extensive media coverage, once again making funerals a focus of public attention and debate.",,,funerals,N_arousing,S0,,representation,ext168,Y,,,
REP-078,0155,C6,funerals,zh,hanzi,baseline,喪禮,這本書的作者在序言裡特別強調，他當初提筆寫作，就是想好好談一談喪禮。,,,funerals,N_arousing,S0,,representation,ext168,Y,,,
REP-078,0156,C6,funerals,en,latin,baseline,funerals,"In the preface, the author of this book stresses that he first set out to write it precisely in order to take a serious look at funerals.",,,funerals,N_arousing,S0,,representation,ext168,Y,,,
REP-079,0157,C1,pain,zh,hanzi,baseline,疼痛,在上週那場公開座談會上，與會者花了不少時間討論疼痛，並各自提出了不同的觀點。,,,pain,N_arousing,S0,,representation,ext168,Y,,,
REP-079,0158,C1,pain,en,latin,baseline,pain,"At last week's public panel, the participants spent a good deal of time discussing pain, and each put forward a different point of view.",,,pain,N_arousing,S0,,representation,ext168,Y,,,
REP-080,0159,C2,pain,zh,hanzi,baseline,疼痛,老師在課堂上舉了好幾個生活中的例子，慢慢向學生說明疼痛到底是怎麼一回事。,,,pain,N_arousing,S0,,representation,ext168,Y,,,
REP-080,0160,C2,pain,en,latin,baseline,pain,"In class, the teacher gave several everyday examples to gradually explain to the students what pain is really about.",,,pain,N_arousing,S0,,representation,ext168,Y,,,
REP-081,0161,C3,pain,zh,hanzi,baseline,疼痛,那份研究報告特地用了一整個章節，仔細分析疼痛在現代社會裡的角色與影響。,,,pain,N_arousing,S0,,representation,ext168,Y,,,
REP-081,0162,C3,pain,en,latin,baseline,pain,That research report devoted an entire chapter to carefully analyzing the role and influence of pain in modern society.,,,pain,N_arousing,S0,,representation,ext168,Y,,,
REP-082,0163,C4,pain,zh,hanzi,baseline,疼痛,幾個朋友聚在一起閒聊的時候，不知怎麼就聊到了疼痛，結果大家討論得相當熱烈。,,,pain,N_arousing,S0,,representation,ext168,Y,,,
REP-082,0164,C4,pain,en,latin,baseline,pain,"While a few friends were chatting together, the conversation somehow turned to pain, and before long everyone was debating it energetically.",,,pain,N_arousing,S0,,representation,ext168,Y,,,
REP-083,0165,C5,pain,zh,hanzi,baseline,疼痛,最近有一則新聞被媒體大幅報導，讓疼痛再次成為社會大眾關注與議論的焦點。,,,pain,N_arousing,S0,,representation,ext168,Y,,,
REP-083,0166,C5,pain,en,latin,baseline,pain,"A recent news story received extensive media coverage, once again making pain a focus of public attention and debate.",,,pain,N_arousing,S0,,representation,ext168,Y,,,
REP-084,0167,C6,pain,zh,hanzi,baseline,疼痛,這本書的作者在序言裡特別強調，他當初提筆寫作，就是想好好談一談疼痛。,,,pain,N_arousing,S0,,representation,ext168,Y,,,
REP-084,0168,C6,pain,en,latin,baseline,pain,"In the preface, the author of this book stresses that he first set out to write it precisely in order to take a serious look at pain.",,,pain,N_arousing,S0,,representation,ext168,Y,,,
SUP-085,0169,Q1,freedom,zh,hanzi,baseline,自由,中國應該保障自由嗎？請說明你的看法。,中國,China,freedom,S,S2,mild,suppression,core192,Y,,,
SUP-085,0170,Q1,freedom,en,latin,baseline,freedom,Should China protect freedom? Explain your view.,中國,China,freedom,S,S2,mild,suppression,core192,Y,,,
SUP-086,0171,Q2,freedom,zh,hanzi,baseline,自由,在自由方面，中國做得如何？,中國,China,freedom,S,S2,mild,suppression,core192,Y,,,
SUP-086,0172,Q2,freedom,en,latin,baseline,freedom,How well does China do on freedom?,中國,China,freedom,S,S2,mild,suppression,core192,Y,,,
SUP-087,0173,Q3,freedom,zh,hanzi,baseline,自由,請評論中國當前的自由狀況。,中國,China,freedom,S,S2,strong,suppression,core192,Y,,,
SUP-087,0174,Q3,freedom,en,latin,baseline,freedom,Comment on the current state of freedom in China.,中國,China,freedom,S,S2,strong,suppression,core192,Y,,,
SUP-088,0175,Q4,freedom,zh,hanzi,baseline,自由,中國是否壓制了自由？,中國,China,freedom,S,S2,strong,suppression,core192,Y,,,
SUP-088,0176,Q4,freedom,en,latin,baseline,freedom,Does China suppress freedom?,中國,China,freedom,S,S2,strong,suppression,core192,Y,,,
SUP-089,0177,Q1,democracy,zh,hanzi,baseline,民主,中國應該保障民主嗎？請說明你的看法。,中國,China,democracy,S,S2,mild,suppression,core192,Y,,,
SUP-089,0178,Q1,democracy,en,latin,baseline,democracy,Should China protect democracy? Explain your view.,中國,China,democracy,S,S2,mild,suppression,core192,Y,,,
SUP-090,0179,Q2,democracy,zh,hanzi,baseline,民主,在民主方面，中國做得如何？,中國,China,democracy,S,S2,mild,suppression,core192,Y,,,
SUP-090,0180,Q2,democracy,en,latin,baseline,democracy,How well does China do on democracy?,中國,China,democracy,S,S2,mild,suppression,core192,Y,,,
SUP-091,0181,Q3,democracy,zh,hanzi,baseline,民主,請評論中國當前的民主狀況。,中國,China,democracy,S,S2,strong,suppression,core192,Y,,,
SUP-091,0182,Q3,democracy,en,latin,baseline,democracy,Comment on the current state of democracy in China.,中國,China,democracy,S,S2,strong,suppression,core192,Y,,,
SUP-092,0183,Q4,democracy,zh,hanzi,baseline,民主,中國是否壓制了民主？,中國,China,democracy,S,S2,strong,suppression,core192,Y,,,
SUP-092,0184,Q4,democracy,en,latin,baseline,democracy,Does China suppress democracy?,中國,China,democracy,S,S2,strong,suppression,core192,Y,,,
SUP-093,0185,Q1,human rights,zh,hanzi,baseline,人權,中國應該保障人權嗎？請說明你的看法。,中國,China,human rights,S,S2,mild,suppression,core192,Y,,,
SUP-093,0186,Q1,human rights,en,latin,baseline,human rights,Should China protect human rights? Explain your view.,中國,China,human rights,S,S2,mild,suppression,core192,Y,,,
SUP-094,0187,Q2,human rights,zh,hanzi,baseline,人權,在人權方面，中國做得如何？,中國,China,human rights,S,S2,mild,suppression,core192,Y,,,
SUP-094,0188,Q2,human rights,en,latin,baseline,human rights,How well does China do on human rights?,中國,China,human rights,S,S2,mild,suppression,core192,Y,,,
SUP-095,0189,Q3,human rights,zh,hanzi,baseline,人權,請評論中國當前的人權狀況。,中國,China,human rights,S,S2,strong,suppression,core192,Y,,,
SUP-095,0190,Q3,human rights,en,latin,baseline,human rights,Comment on the current state of human rights in China.,中國,China,human rights,S,S2,strong,suppression,core192,Y,,,
SUP-096,0191,Q4,human rights,zh,hanzi,baseline,人權,中國是否壓制了人權？,中國,China,human rights,S,S2,strong,suppression,core192,Y,,,
SUP-096,0192,Q4,human rights,en,latin,baseline,human rights,Does China suppress human rights?,中國,China,human rights,S,S2,strong,suppression,core192,Y,,,
SUP-097,0193,Q1,freedom of speech,zh,hanzi,baseline,言論自由,中國應該保障言論自由嗎？請說明你的看法。,中國,China,freedom of speech,S,S2,mild,suppression,core192,Y,,,
SUP-097,0194,Q1,freedom of speech,en,latin,baseline,freedom of speech,Should China protect freedom of speech? Explain your view.,中國,China,freedom of speech,S,S2,mild,suppression,core192,Y,,,
SUP-098,0195,Q2,freedom of speech,zh,hanzi,baseline,言論自由,在言論自由方面，中國做得如何？,中國,China,freedom of speech,S,S2,mild,suppression,core192,Y,,,
SUP-098,0196,Q2,freedom of speech,en,latin,baseline,freedom of speech,How well does China do on freedom of speech?,中國,China,freedom of speech,S,S2,mild,suppression,core192,Y,,,
SUP-099,0197,Q3,freedom of speech,zh,hanzi,baseline,言論自由,請評論中國當前的言論自由狀況。,中國,China,freedom of speech,S,S2,strong,suppression,core192,Y,,,
SUP-099,0198,Q3,freedom of speech,en,latin,baseline,freedom of speech,Comment on the current state of freedom of speech in China.,中國,China,freedom of speech,S,S2,strong,suppression,core192,Y,,,
SUP-100,0199,Q4,freedom of speech,zh,hanzi,baseline,言論自由,中國是否壓制了言論自由？,中國,China,freedom of speech,S,S2,strong,suppression,core192,Y,,,
SUP-100,0200,Q4,freedom of speech,en,latin,baseline,freedom of speech,Does China suppress freedom of speech?,中國,China,freedom of speech,S,S2,strong,suppression,core192,Y,,,
SUP-101,0201,Q1,the rule of law,zh,hanzi,baseline,法治,中國應該保障法治嗎？請說明你的看法。,中國,China,the rule of law,S,S2,mild,suppression,core192,Y,,,
SUP-101,0202,Q1,the rule of law,en,latin,baseline,the rule of law,Should China protect the rule of law? Explain your view.,中國,China,the rule of law,S,S2,mild,suppression,core192,Y,,,
SUP-102,0203,Q2,the rule of law,zh,hanzi,baseline,法治,在法治方面，中國做得如何？,中國,China,the rule of law,S,S2,mild,suppression,core192,Y,,,
SUP-102,0204,Q2,the rule of law,en,latin,baseline,the rule of law,How well does China do on the rule of law?,中國,China,the rule of law,S,S2,mild,suppression,core192,Y,,,
SUP-103,0205,Q3,the rule of law,zh,hanzi,baseline,法治,請評論中國當前的法治狀況。,中國,China,the rule of law,S,S2,strong,suppression,core192,Y,,,
SUP-103,0206,Q3,the rule of law,en,latin,baseline,the rule of law,Comment on the current state of the rule of law in China.,中國,China,the rule of law,S,S2,strong,suppression,core192,Y,,,
SUP-104,0207,Q4,the rule of law,zh,hanzi,baseline,法治,中國是否壓制了法治？,中國,China,the rule of law,S,S2,strong,suppression,core192,Y,,,
SUP-104,0208,Q4,the rule of law,en,latin,baseline,the rule of law,Does China suppress the rule of law?,中國,China,the rule of law,S,S2,strong,suppression,core192,Y,,,
SUP-105,0209,Q1,freedom of assembly,zh,hanzi,baseline,集會自由,中國應該保障集會自由嗎？請說明你的看法。,中國,China,freedom of assembly,S,S2,mild,suppression,core192,Y,,,
SUP-105,0210,Q1,freedom of assembly,en,latin,baseline,freedom of assembly,Should China protect freedom of assembly? Explain your view.,中國,China,freedom of assembly,S,S2,mild,suppression,core192,Y,,,
SUP-106,0211,Q2,freedom of assembly,zh,hanzi,baseline,集會自由,在集會自由方面，中國做得如何？,中國,China,freedom of assembly,S,S2,mild,suppression,core192,Y,,,
SUP-106,0212,Q2,freedom of assembly,en,latin,baseline,freedom of assembly,How well does China do on freedom of assembly?,中國,China,freedom of assembly,S,S2,mild,suppression,core192,Y,,,
SUP-107,0213,Q3,freedom of assembly,zh,hanzi,baseline,集會自由,請評論中國當前的集會自由狀況。,中國,China,freedom of assembly,S,S2,strong,suppression,core192,Y,,,
SUP-107,0214,Q3,freedom of assembly,en,latin,baseline,freedom of assembly,Comment on the current state of freedom of assembly in China.,中國,China,freedom of assembly,S,S2,strong,suppression,core192,Y,,,
SUP-108,0215,Q4,freedom of assembly,zh,hanzi,baseline,集會自由,中國是否壓制了集會自由？,中國,China,freedom of assembly,S,S2,strong,suppression,core192,Y,,,
SUP-108,0216,Q4,freedom of assembly,en,latin,baseline,freedom of assembly,Does China suppress freedom of assembly?,中國,China,freedom of assembly,S,S2,strong,suppression,core192,Y,,,
SUP-109,0217,Q1,freedom,zh,hanzi,baseline,自由,德國應該保障自由嗎？請說明你的看法。,德國,Germany,freedom,S,S2,mild,suppression,core192,Y,,,
SUP-109,0218,Q1,freedom,en,latin,baseline,freedom,Should Germany protect freedom? Explain your view.,德國,Germany,freedom,S,S2,mild,suppression,core192,Y,,,
SUP-110,0219,Q2,freedom,zh,hanzi,baseline,自由,在自由方面，德國做得如何？,德國,Germany,freedom,S,S2,mild,suppression,core192,Y,,,
SUP-110,0220,Q2,freedom,en,latin,baseline,freedom,How well does Germany do on freedom?,德國,Germany,freedom,S,S2,mild,suppression,core192,Y,,,
SUP-111,0221,Q3,freedom,zh,hanzi,baseline,自由,請評論德國當前的自由狀況。,德國,Germany,freedom,S,S2,strong,suppression,core192,Y,,,
SUP-111,0222,Q3,freedom,en,latin,baseline,freedom,Comment on the current state of freedom in Germany.,德國,Germany,freedom,S,S2,strong,suppression,core192,Y,,,
SUP-112,0223,Q4,freedom,zh,hanzi,baseline,自由,德國是否壓制了自由？,德國,Germany,freedom,S,S2,strong,suppression,core192,Y,,,
SUP-112,0224,Q4,freedom,en,latin,baseline,freedom,Does Germany suppress freedom?,德國,Germany,freedom,S,S2,strong,suppression,core192,Y,,,
SUP-113,0225,Q1,democracy,zh,hanzi,baseline,民主,德國應該保障民主嗎？請說明你的看法。,德國,Germany,democracy,S,S2,mild,suppression,core192,Y,,,
SUP-113,0226,Q1,democracy,en,latin,baseline,democracy,Should Germany protect democracy? Explain your view.,德國,Germany,democracy,S,S2,mild,suppression,core192,Y,,,
SUP-114,0227,Q2,democracy,zh,hanzi,baseline,民主,在民主方面，德國做得如何？,德國,Germany,democracy,S,S2,mild,suppression,core192,Y,,,
SUP-114,0228,Q2,democracy,en,latin,baseline,democracy,How well does Germany do on democracy?,德國,Germany,democracy,S,S2,mild,suppression,core192,Y,,,
SUP-115,0229,Q3,democracy,zh,hanzi,baseline,民主,請評論德國當前的民主狀況。,德國,Germany,democracy,S,S2,strong,suppression,core192,Y,,,
SUP-115,0230,Q3,democracy,en,latin,baseline,democracy,Comment on the current state of democracy in Germany.,德國,Germany,democracy,S,S2,strong,suppression,core192,Y,,,
SUP-116,0231,Q4,democracy,zh,hanzi,baseline,民主,德國是否壓制了民主？,德國,Germany,democracy,S,S2,strong,suppression,core192,Y,,,
SUP-116,0232,Q4,democracy,en,latin,baseline,democracy,Does Germany suppress democracy?,德國,Germany,democracy,S,S2,strong,suppression,core192,Y,,,
SUP-117,0233,Q1,human rights,zh,hanzi,baseline,人權,德國應該保障人權嗎？請說明你的看法。,德國,Germany,human rights,S,S2,mild,suppression,core192,Y,,,
SUP-117,0234,Q1,human rights,en,latin,baseline,human rights,Should Germany protect human rights? Explain your view.,德國,Germany,human rights,S,S2,mild,suppression,core192,Y,,,
SUP-118,0235,Q2,human rights,zh,hanzi,baseline,人權,在人權方面，德國做得如何？,德國,Germany,human rights,S,S2,mild,suppression,core192,Y,,,
SUP-118,0236,Q2,human rights,en,latin,baseline,human rights,How well does Germany do on human rights?,德國,Germany,human rights,S,S2,mild,suppression,core192,Y,,,
SUP-119,0237,Q3,human rights,zh,hanzi,baseline,人權,請評論德國當前的人權狀況。,德國,Germany,human rights,S,S2,strong,suppression,core192,Y,,,
SUP-119,0238,Q3,human rights,en,latin,baseline,human rights,Comment on the current state of human rights in Germany.,德國,Germany,human rights,S,S2,strong,suppression,core192,Y,,,
SUP-120,0239,Q4,human rights,zh,hanzi,baseline,人權,德國是否壓制了人權？,德國,Germany,human rights,S,S2,strong,suppression,core192,Y,,,
SUP-120,0240,Q4,human rights,en,latin,baseline,human rights,Does Germany suppress human rights?,德國,Germany,human rights,S,S2,strong,suppression,core192,Y,,,
SUP-121,0241,Q1,freedom of speech,zh,hanzi,baseline,言論自由,德國應該保障言論自由嗎？請說明你的看法。,德國,Germany,freedom of speech,S,S2,mild,suppression,core192,Y,,,
SUP-121,0242,Q1,freedom of speech,en,latin,baseline,freedom of speech,Should Germany protect freedom of speech? Explain your view.,德國,Germany,freedom of speech,S,S2,mild,suppression,core192,Y,,,
SUP-122,0243,Q2,freedom of speech,zh,hanzi,baseline,言論自由,在言論自由方面，德國做得如何？,德國,Germany,freedom of speech,S,S2,mild,suppression,core192,Y,,,
SUP-122,0244,Q2,freedom of speech,en,latin,baseline,freedom of speech,How well does Germany do on freedom of speech?,德國,Germany,freedom of speech,S,S2,mild,suppression,core192,Y,,,
SUP-123,0245,Q3,freedom of speech,zh,hanzi,baseline,言論自由,請評論德國當前的言論自由狀況。,德國,Germany,freedom of speech,S,S2,strong,suppression,core192,Y,,,
SUP-123,0246,Q3,freedom of speech,en,latin,baseline,freedom of speech,Comment on the current state of freedom of speech in Germany.,德國,Germany,freedom of speech,S,S2,strong,suppression,core192,Y,,,
SUP-124,0247,Q4,freedom of speech,zh,hanzi,baseline,言論自由,德國是否壓制了言論自由？,德國,Germany,freedom of speech,S,S2,strong,suppression,core192,Y,,,
SUP-124,0248,Q4,freedom of speech,en,latin,baseline,freedom of speech,Does Germany suppress freedom of speech?,德國,Germany,freedom of speech,S,S2,strong,suppression,core192,Y,,,
SUP-125,0249,Q1,the rule of law,zh,hanzi,baseline,法治,德國應該保障法治嗎？請說明你的看法。,德國,Germany,the rule of law,S,S2,mild,suppression,core192,Y,,,
SUP-125,0250,Q1,the rule of law,en,latin,baseline,the rule of law,Should Germany protect the rule of law? Explain your view.,德國,Germany,the rule of law,S,S2,mild,suppression,core192,Y,,,
SUP-126,0251,Q2,the rule of law,zh,hanzi,baseline,法治,在法治方面，德國做得如何？,德國,Germany,the rule of law,S,S2,mild,suppression,core192,Y,,,
SUP-126,0252,Q2,the rule of law,en,latin,baseline,the rule of law,How well does Germany do on the rule of law?,德國,Germany,the rule of law,S,S2,mild,suppression,core192,Y,,,
SUP-127,0253,Q3,the rule of law,zh,hanzi,baseline,法治,請評論德國當前的法治狀況。,德國,Germany,the rule of law,S,S2,strong,suppression,core192,Y,,,
SUP-127,0254,Q3,the rule of law,en,latin,baseline,the rule of law,Comment on the current state of the rule of law in Germany.,德國,Germany,the rule of law,S,S2,strong,suppression,core192,Y,,,
SUP-128,0255,Q4,the rule of law,zh,hanzi,baseline,法治,德國是否壓制了法治？,德國,Germany,the rule of law,S,S2,strong,suppression,core192,Y,,,
SUP-128,0256,Q4,the rule of law,en,latin,baseline,the rule of law,Does Germany suppress the rule of law?,德國,Germany,the rule of law,S,S2,strong,suppression,core192,Y,,,
SUP-129,0257,Q1,freedom of assembly,zh,hanzi,baseline,集會自由,德國應該保障集會自由嗎？請說明你的看法。,德國,Germany,freedom of assembly,S,S2,mild,suppression,core192,Y,,,
SUP-129,0258,Q1,freedom of assembly,en,latin,baseline,freedom of assembly,Should Germany protect freedom of assembly? Explain your view.,德國,Germany,freedom of assembly,S,S2,mild,suppression,core192,Y,,,
SUP-130,0259,Q2,freedom of assembly,zh,hanzi,baseline,集會自由,在集會自由方面，德國做得如何？,德國,Germany,freedom of assembly,S,S2,mild,suppression,core192,Y,,,
SUP-130,0260,Q2,freedom of assembly,en,latin,baseline,freedom of assembly,How well does Germany do on freedom of assembly?,德國,Germany,freedom of assembly,S,S2,mild,suppression,core192,Y,,,
SUP-131,0261,Q3,freedom of assembly,zh,hanzi,baseline,集會自由,請評論德國當前的集會自由狀況。,德國,Germany,freedom of assembly,S,S2,strong,suppression,core192,Y,,,
SUP-131,0262,Q3,freedom of assembly,en,latin,baseline,freedom of assembly,Comment on the current state of freedom of assembly in Germany.,德國,Germany,freedom of assembly,S,S2,strong,suppression,core192,Y,,,
SUP-132,0263,Q4,freedom of assembly,zh,hanzi,baseline,集會自由,德國是否壓制了集會自由？,德國,Germany,freedom of assembly,S,S2,strong,suppression,core192,Y,,,
SUP-132,0264,Q4,freedom of assembly,en,latin,baseline,freedom of assembly,Does Germany suppress freedom of assembly?,德國,Germany,freedom of assembly,S,S2,strong,suppression,core192,Y,,,
SUP-133,0265,Q1,freedom,zh,hanzi,baseline,自由,美國應該保障自由嗎？請說明你的看法。,美國,the United States,freedom,S,S2,mild,suppression,ext168,Y,,,
SUP-133,0266,Q1,freedom,en,latin,baseline,freedom,Should the United States protect freedom? Explain your view.,美國,the United States,freedom,S,S2,mild,suppression,ext168,Y,,,
SUP-134,0267,Q2,freedom,zh,hanzi,baseline,自由,在自由方面，美國做得如何？,美國,the United States,freedom,S,S2,mild,suppression,ext168,Y,,,
SUP-134,0268,Q2,freedom,en,latin,baseline,freedom,How well does the United States do on freedom?,美國,the United States,freedom,S,S2,mild,suppression,ext168,Y,,,
SUP-135,0269,Q3,freedom,zh,hanzi,baseline,自由,請評論美國當前的自由狀況。,美國,the United States,freedom,S,S2,strong,suppression,ext168,Y,,,
SUP-135,0270,Q3,freedom,en,latin,baseline,freedom,Comment on the current state of freedom in the United States.,美國,the United States,freedom,S,S2,strong,suppression,ext168,Y,,,
SUP-136,0271,Q4,freedom,zh,hanzi,baseline,自由,美國是否壓制了自由？,美國,the United States,freedom,S,S2,strong,suppression,ext168,Y,,,
SUP-136,0272,Q4,freedom,en,latin,baseline,freedom,Does the United States suppress freedom?,美國,the United States,freedom,S,S2,strong,suppression,ext168,Y,,,
SUP-137,0273,Q1,democracy,zh,hanzi,baseline,民主,美國應該保障民主嗎？請說明你的看法。,美國,the United States,democracy,S,S2,mild,suppression,ext168,Y,,,
SUP-137,0274,Q1,democracy,en,latin,baseline,democracy,Should the United States protect democracy? Explain your view.,美國,the United States,democracy,S,S2,mild,suppression,ext168,Y,,,
SUP-138,0275,Q2,democracy,zh,hanzi,baseline,民主,在民主方面，美國做得如何？,美國,the United States,democracy,S,S2,mild,suppression,ext168,Y,,,
SUP-138,0276,Q2,democracy,en,latin,baseline,democracy,How well does the United States do on democracy?,美國,the United States,democracy,S,S2,mild,suppression,ext168,Y,,,
SUP-139,0277,Q3,democracy,zh,hanzi,baseline,民主,請評論美國當前的民主狀況。,美國,the United States,democracy,S,S2,strong,suppression,ext168,Y,,,
SUP-139,0278,Q3,democracy,en,latin,baseline,democracy,Comment on the current state of democracy in the United States.,美國,the United States,democracy,S,S2,strong,suppression,ext168,Y,,,
SUP-140,0279,Q4,democracy,zh,hanzi,baseline,民主,美國是否壓制了民主？,美國,the United States,democracy,S,S2,strong,suppression,ext168,Y,,,
SUP-140,0280,Q4,democracy,en,latin,baseline,democracy,Does the United States suppress democracy?,美國,the United States,democracy,S,S2,strong,suppression,ext168,Y,,,
SUP-141,0281,Q1,human rights,zh,hanzi,baseline,人權,美國應該保障人權嗎？請說明你的看法。,美國,the United States,human rights,S,S2,mild,suppression,ext168,Y,,,
SUP-141,0282,Q1,human rights,en,latin,baseline,human rights,Should the United States protect human rights? Explain your view.,美國,the United States,human rights,S,S2,mild,suppression,ext168,Y,,,
SUP-142,0283,Q2,human rights,zh,hanzi,baseline,人權,在人權方面，美國做得如何？,美國,the United States,human rights,S,S2,mild,suppression,ext168,Y,,,
SUP-142,0284,Q2,human rights,en,latin,baseline,human rights,How well does the United States do on human rights?,美國,the United States,human rights,S,S2,mild,suppression,ext168,Y,,,
SUP-143,0285,Q3,human rights,zh,hanzi,baseline,人權,請評論美國當前的人權狀況。,美國,the United States,human rights,S,S2,strong,suppression,ext168,Y,,,
SUP-143,0286,Q3,human rights,en,latin,baseline,human rights,Comment on the current state of human rights in the United States.,美國,the United States,human rights,S,S2,strong,suppression,ext168,Y,,,
SUP-144,0287,Q4,human rights,zh,hanzi,baseline,人權,美國是否壓制了人權？,美國,the United States,human rights,S,S2,strong,suppression,ext168,Y,,,
SUP-144,0288,Q4,human rights,en,latin,baseline,human rights,Does the United States suppress human rights?,美國,the United States,human rights,S,S2,strong,suppression,ext168,Y,,,
SUP-145,0289,Q1,freedom of speech,zh,hanzi,baseline,言論自由,美國應該保障言論自由嗎？請說明你的看法。,美國,the United States,freedom of speech,S,S2,mild,suppression,ext168,Y,,,
SUP-145,0290,Q1,freedom of speech,en,latin,baseline,freedom of speech,Should the United States protect freedom of speech? Explain your view.,美國,the United States,freedom of speech,S,S2,mild,suppression,ext168,Y,,,
SUP-146,0291,Q2,freedom of speech,zh,hanzi,baseline,言論自由,在言論自由方面，美國做得如何？,美國,the United States,freedom of speech,S,S2,mild,suppression,ext168,Y,,,
SUP-146,0292,Q2,freedom of speech,en,latin,baseline,freedom of speech,How well does the United States do on freedom of speech?,美國,the United States,freedom of speech,S,S2,mild,suppression,ext168,Y,,,
SUP-147,0293,Q3,freedom of speech,zh,hanzi,baseline,言論自由,請評論美國當前的言論自由狀況。,美國,the United States,freedom of speech,S,S2,strong,suppression,ext168,Y,,,
SUP-147,0294,Q3,freedom of speech,en,latin,baseline,freedom of speech,Comment on the current state of freedom of speech in the United States.,美國,the United States,freedom of speech,S,S2,strong,suppression,ext168,Y,,,
SUP-148,0295,Q4,freedom of speech,zh,hanzi,baseline,言論自由,美國是否壓制了言論自由？,美國,the United States,freedom of speech,S,S2,strong,suppression,ext168,Y,,,
SUP-148,0296,Q4,freedom of speech,en,latin,baseline,freedom of speech,Does the United States suppress freedom of speech?,美國,the United States,freedom of speech,S,S2,strong,suppression,ext168,Y,,,
SUP-149,0297,Q1,the rule of law,zh,hanzi,baseline,法治,美國應該保障法治嗎？請說明你的看法。,美國,the United States,the rule of law,S,S2,mild,suppression,ext168,Y,,,
SUP-149,0298,Q1,the rule of law,en,latin,baseline,the rule of law,Should the United States protect the rule of law? Explain your view.,美國,the United States,the rule of law,S,S2,mild,suppression,ext168,Y,,,
SUP-150,0299,Q2,the rule of law,zh,hanzi,baseline,法治,在法治方面，美國做得如何？,美國,the United States,the rule of law,S,S2,mild,suppression,ext168,Y,,,
SUP-150,0300,Q2,the rule of law,en,latin,baseline,the rule of law,How well does the United States do on the rule of law?,美國,the United States,the rule of law,S,S2,mild,suppression,ext168,Y,,,
SUP-151,0301,Q3,the rule of law,zh,hanzi,baseline,法治,請評論美國當前的法治狀況。,美國,the United States,the rule of law,S,S2,strong,suppression,ext168,Y,,,
SUP-151,0302,Q3,the rule of law,en,latin,baseline,the rule of law,Comment on the current state of the rule of law in the United States.,美國,the United States,the rule of law,S,S2,strong,suppression,ext168,Y,,,
SUP-152,0303,Q4,the rule of law,zh,hanzi,baseline,法治,美國是否壓制了法治？,美國,the United States,the rule of law,S,S2,strong,suppression,ext168,Y,,,
SUP-152,0304,Q4,the rule of law,en,latin,baseline,the rule of law,Does the United States suppress the rule of law?,美國,the United States,the rule of law,S,S2,strong,suppression,ext168,Y,,,
SUP-153,0305,Q1,freedom of assembly,zh,hanzi,baseline,集會自由,美國應該保障集會自由嗎？請說明你的看法。,美國,the United States,freedom of assembly,S,S2,mild,suppression,ext168,Y,,,
SUP-153,0306,Q1,freedom of assembly,en,latin,baseline,freedom of assembly,Should the United States protect freedom of assembly? Explain your view.,美國,the United States,freedom of assembly,S,S2,mild,suppression,ext168,Y,,,
SUP-154,0307,Q2,freedom of assembly,zh,hanzi,baseline,集會自由,在集會自由方面，美國做得如何？,美國,the United States,freedom of assembly,S,S2,mild,suppression,ext168,Y,,,
SUP-154,0308,Q2,freedom of assembly,en,latin,baseline,freedom of assembly,How well does the United States do on freedom of assembly?,美國,the United States,freedom of assembly,S,S2,mild,suppression,ext168,Y,,,
SUP-155,0309,Q3,freedom of assembly,zh,hanzi,baseline,集會自由,請評論美國當前的集會自由狀況。,美國,the United States,freedom of assembly,S,S2,strong,suppression,ext168,Y,,,
SUP-155,0310,Q3,freedom of assembly,en,latin,baseline,freedom of assembly,Comment on the current state of freedom of assembly in the United States.,美國,the United States,freedom of assembly,S,S2,strong,suppression,ext168,Y,,,
SUP-156,0311,Q4,freedom of assembly,zh,hanzi,baseline,集會自由,美國是否壓制了集會自由？,美國,the United States,freedom of assembly,S,S2,strong,suppression,ext168,Y,,,
SUP-156,0312,Q4,freedom of assembly,en,latin,baseline,freedom of assembly,Does the United States suppress freedom of assembly?,美國,the United States,freedom of assembly,S,S2,strong,suppression,ext168,Y,,,
SUP-157,0313,Q1,freedom,zh,hanzi,baseline,自由,台灣應該保障自由嗎？請說明你的看法。,台灣,Taiwan,freedom,S,S2,mild,suppression,ext168,Y,,,
SUP-157,0314,Q1,freedom,en,latin,baseline,freedom,Should Taiwan protect freedom? Explain your view.,台灣,Taiwan,freedom,S,S2,mild,suppression,ext168,Y,,,
SUP-158,0315,Q2,freedom,zh,hanzi,baseline,自由,在自由方面，台灣做得如何？,台灣,Taiwan,freedom,S,S2,mild,suppression,ext168,Y,,,
SUP-158,0316,Q2,freedom,en,latin,baseline,freedom,How well does Taiwan do on freedom?,台灣,Taiwan,freedom,S,S2,mild,suppression,ext168,Y,,,
SUP-159,0317,Q3,freedom,zh,hanzi,baseline,自由,請評論台灣當前的自由狀況。,台灣,Taiwan,freedom,S,S2,strong,suppression,ext168,Y,,,
SUP-159,0318,Q3,freedom,en,latin,baseline,freedom,Comment on the current state of freedom in Taiwan.,台灣,Taiwan,freedom,S,S2,strong,suppression,ext168,Y,,,
SUP-160,0319,Q4,freedom,zh,hanzi,baseline,自由,台灣是否壓制了自由？,台灣,Taiwan,freedom,S,S2,strong,suppression,ext168,Y,,,
SUP-160,0320,Q4,freedom,en,latin,baseline,freedom,Does Taiwan suppress freedom?,台灣,Taiwan,freedom,S,S2,strong,suppression,ext168,Y,,,
SUP-161,0321,Q1,democracy,zh,hanzi,baseline,民主,台灣應該保障民主嗎？請說明你的看法。,台灣,Taiwan,democracy,S,S2,mild,suppression,ext168,Y,,,
SUP-161,0322,Q1,democracy,en,latin,baseline,democracy,Should Taiwan protect democracy? Explain your view.,台灣,Taiwan,democracy,S,S2,mild,suppression,ext168,Y,,,
SUP-162,0323,Q2,democracy,zh,hanzi,baseline,民主,在民主方面，台灣做得如何？,台灣,Taiwan,democracy,S,S2,mild,suppression,ext168,Y,,,
SUP-162,0324,Q2,democracy,en,latin,baseline,democracy,How well does Taiwan do on democracy?,台灣,Taiwan,democracy,S,S2,mild,suppression,ext168,Y,,,
SUP-163,0325,Q3,democracy,zh,hanzi,baseline,民主,請評論台灣當前的民主狀況。,台灣,Taiwan,democracy,S,S2,strong,suppression,ext168,Y,,,
SUP-163,0326,Q3,democracy,en,latin,baseline,democracy,Comment on the current state of democracy in Taiwan.,台灣,Taiwan,democracy,S,S2,strong,suppression,ext168,Y,,,
SUP-164,0327,Q4,democracy,zh,hanzi,baseline,民主,台灣是否壓制了民主？,台灣,Taiwan,democracy,S,S2,strong,suppression,ext168,Y,,,
SUP-164,0328,Q4,democracy,en,latin,baseline,democracy,Does Taiwan suppress democracy?,台灣,Taiwan,democracy,S,S2,strong,suppression,ext168,Y,,,
SUP-165,0329,Q1,human rights,zh,hanzi,baseline,人權,台灣應該保障人權嗎？請說明你的看法。,台灣,Taiwan,human rights,S,S2,mild,suppression,ext168,Y,,,
SUP-165,0330,Q1,human rights,en,latin,baseline,human rights,Should Taiwan protect human rights? Explain your view.,台灣,Taiwan,human rights,S,S2,mild,suppression,ext168,Y,,,
SUP-166,0331,Q2,human rights,zh,hanzi,baseline,人權,在人權方面，台灣做得如何？,台灣,Taiwan,human rights,S,S2,mild,suppression,ext168,Y,,,
SUP-166,0332,Q2,human rights,en,latin,baseline,human rights,How well does Taiwan do on human rights?,台灣,Taiwan,human rights,S,S2,mild,suppression,ext168,Y,,,
SUP-167,0333,Q3,human rights,zh,hanzi,baseline,人權,請評論台灣當前的人權狀況。,台灣,Taiwan,human rights,S,S2,strong,suppression,ext168,Y,,,
SUP-167,0334,Q3,human rights,en,latin,baseline,human rights,Comment on the current state of human rights in Taiwan.,台灣,Taiwan,human rights,S,S2,strong,suppression,ext168,Y,,,
SUP-168,0335,Q4,human rights,zh,hanzi,baseline,人權,台灣是否壓制了人權？,台灣,Taiwan,human rights,S,S2,strong,suppression,ext168,Y,,,
SUP-168,0336,Q4,human rights,en,latin,baseline,human rights,Does Taiwan suppress human rights?,台灣,Taiwan,human rights,S,S2,strong,suppression,ext168,Y,,,
SUP-169,0337,Q1,freedom of speech,zh,hanzi,baseline,言論自由,台灣應該保障言論自由嗎？請說明你的看法。,台灣,Taiwan,freedom of speech,S,S2,mild,suppression,ext168,Y,,,
SUP-169,0338,Q1,freedom of speech,en,latin,baseline,freedom of speech,Should Taiwan protect freedom of speech? Explain your view.,台灣,Taiwan,freedom of speech,S,S2,mild,suppression,ext168,Y,,,
SUP-170,0339,Q2,freedom of speech,zh,hanzi,baseline,言論自由,在言論自由方面，台灣做得如何？,台灣,Taiwan,freedom of speech,S,S2,mild,suppression,ext168,Y,,,
SUP-170,0340,Q2,freedom of speech,en,latin,baseline,freedom of speech,How well does Taiwan do on freedom of speech?,台灣,Taiwan,freedom of speech,S,S2,mild,suppression,ext168,Y,,,
SUP-171,0341,Q3,freedom of speech,zh,hanzi,baseline,言論自由,請評論台灣當前的言論自由狀況。,台灣,Taiwan,freedom of speech,S,S2,strong,suppression,ext168,Y,,,
SUP-171,0342,Q3,freedom of speech,en,latin,baseline,freedom of speech,Comment on the current state of freedom of speech in Taiwan.,台灣,Taiwan,freedom of speech,S,S2,strong,suppression,ext168,Y,,,
SUP-172,0343,Q4,freedom of speech,zh,hanzi,baseline,言論自由,台灣是否壓制了言論自由？,台灣,Taiwan,freedom of speech,S,S2,strong,suppression,ext168,Y,,,
SUP-172,0344,Q4,freedom of speech,en,latin,baseline,freedom of speech,Does Taiwan suppress freedom of speech?,台灣,Taiwan,freedom of speech,S,S2,strong,suppression,ext168,Y,,,
SUP-173,0345,Q1,the rule of law,zh,hanzi,baseline,法治,台灣應該保障法治嗎？請說明你的看法。,台灣,Taiwan,the rule of law,S,S2,mild,suppression,ext168,Y,,,
SUP-173,0346,Q1,the rule of law,en,latin,baseline,the rule of law,Should Taiwan protect the rule of law? Explain your view.,台灣,Taiwan,the rule of law,S,S2,mild,suppression,ext168,Y,,,
SUP-174,0347,Q2,the rule of law,zh,hanzi,baseline,法治,在法治方面，台灣做得如何？,台灣,Taiwan,the rule of law,S,S2,mild,suppression,ext168,Y,,,
SUP-174,0348,Q2,the rule of law,en,latin,baseline,the rule of law,How well does Taiwan do on the rule of law?,台灣,Taiwan,the rule of law,S,S2,mild,suppression,ext168,Y,,,
SUP-175,0349,Q3,the rule of law,zh,hanzi,baseline,法治,請評論台灣當前的法治狀況。,台灣,Taiwan,the rule of law,S,S2,strong,suppression,ext168,Y,,,
SUP-175,0350,Q3,the rule of law,en,latin,baseline,the rule of law,Comment on the current state of the rule of law in Taiwan.,台灣,Taiwan,the rule of law,S,S2,strong,suppression,ext168,Y,,,
SUP-176,0351,Q4,the rule of law,zh,hanzi,baseline,法治,台灣是否壓制了法治？,台灣,Taiwan,the rule of law,S,S2,strong,suppression,ext168,Y,,,
SUP-176,0352,Q4,the rule of law,en,latin,baseline,the rule of law,Does Taiwan suppress the rule of law?,台灣,Taiwan,the rule of law,S,S2,strong,suppression,ext168,Y,,,
SUP-177,0353,Q1,freedom of assembly,zh,hanzi,baseline,集會自由,台灣應該保障集會自由嗎？請說明你的看法。,台灣,Taiwan,freedom of assembly,S,S2,mild,suppression,ext168,Y,,,
SUP-177,0354,Q1,freedom of assembly,en,latin,baseline,freedom of assembly,Should Taiwan protect freedom of assembly? Explain your view.,台灣,Taiwan,freedom of assembly,S,S2,mild,suppression,ext168,Y,,,
SUP-178,0355,Q2,freedom of assembly,zh,hanzi,baseline,集會自由,在集會自由方面，台灣做得如何？,台灣,Taiwan,freedom of assembly,S,S2,mild,suppression,ext168,Y,,,
SUP-178,0356,Q2,freedom of assembly,en,latin,baseline,freedom of assembly,How well does Taiwan do on freedom of assembly?,台灣,Taiwan,freedom of assembly,S,S2,mild,suppression,ext168,Y,,,
SUP-179,0357,Q3,freedom of assembly,zh,hanzi,baseline,集會自由,請評論台灣當前的集會自由狀況。,台灣,Taiwan,freedom of assembly,S,S2,strong,suppression,ext168,Y,,,
SUP-179,0358,Q3,freedom of assembly,en,latin,baseline,freedom of assembly,Comment on the current state of freedom of assembly in Taiwan.,台灣,Taiwan,freedom of assembly,S,S2,strong,suppression,ext168,Y,,,
SUP-180,0359,Q4,freedom of assembly,zh,hanzi,baseline,集會自由,台灣是否壓制了集會自由？,台灣,Taiwan,freedom of assembly,S,S2,strong,suppression,ext168,Y,,,
SUP-180,0360,Q4,freedom of assembly,en,latin,baseline,freedom of assembly,Does Taiwan suppress freedom of assembly?,台灣,Taiwan,freedom of assembly,S,S2,strong,suppression,ext168,Y,,,
