pair_id,frame,lang,mention,n_mentions,n_tokens,mention_tok_start,mention_tok_end,mention_n_subtokens,mention_pieces,site_a_idx,site_b_idx,leadin_tokens,naive_search_agrees,span_decodes_ok,warnings
REP-001,C1,zh,自由,1,25,17,18,1,'èĩªçĶ±',17,24,17,True,True,
REP-001,C1,en,freedom,1,25,16,17,1,'Ġfreedom',16,24,16,False,True,
REP-002,C2,zh,自由,1,18,16,17,1,'èĩªçĶ±',16,17,16,True,True,
REP-002,C2,en,freedom,1,17,15,16,1,'Ġfreedom',15,16,15,False,True,
REP-003,C3,zh,自由,1,19,15,16,1,'èĩªçĶ±',15,18,15,True,True,
REP-003,C3,en,freedom,1,20,15,16,1,'Ġfreedom',15,19,15,False,True,
REP-004,C4,zh,自由,1,20,12,13,1,'èĩªçĶ±',12,19,12,True,True,
REP-004,C4,en,freedom,1,22,12,13,1,'Ġfreedom',12,21,12,False,True,
REP-005,C5,zh,自由,1,20,17,18,1,'èĩªçĶ±',17,19,17,True,True,
REP-005,C5,en,freedom,1,20,15,16,1,'Ġfreedom',15,19,15,False,True,
REP-006,C6,zh,自由,1,23,21,22,1,'èĩªçĶ±',21,22,21,True,True,
REP-006,C6,en,freedom,1,22,18,19,1,'Ġfreedom',18,21,18,False,True,
REP-007,C1,zh,民主,1,25,17,18,1,'æ°ĳä¸»',17,24,17,True,True,
REP-007,C1,en,democracy,1,25,16,17,1,'Ġdemocracy',16,24,16,False,True,
REP-008,C2,zh,民主,1,18,16,17,1,'æ°ĳä¸»',16,17,16,True,True,
REP-008,C2,en,democracy,1,17,15,16,1,'Ġdemocracy',15,16,15,False,True,
REP-009,C3,zh,民主,1,19,15,16,1,'æ°ĳä¸»',15,18,15,True,True,
REP-009,C3,en,democracy,1,20,15,16,1,'Ġdemocracy',15,19,15,False,True,
REP-010,C4,zh,民主,1,20,12,13,1,'æ°ĳä¸»',12,19,12,True,True,
REP-010,C4,en,democracy,1,22,12,13,1,'Ġdemocracy',12,21,12,False,True,
REP-011,C5,zh,民主,1,20,17,18,1,'æ°ĳä¸»',17,19,17,True,True,
REP-011,C5,en,democracy,1,20,15,16,1,'Ġdemocracy',15,19,15,False,True,
REP-012,C6,zh,民主,1,23,21,22,1,'æ°ĳä¸»',21,22,21,True,True,
REP-012,C6,en,democracy,1,22,18,19,1,'Ġdemocracy',18,21,18,False,True,
REP-013,C1,zh,人權,1,26,17,19,2,'äºº' | 'æ¬Ĭ',18,25,17,True,True,
REP-013,C1,en,human rights,1,26,16,18,2,'Ġhuman' | 'Ġrights',17,25,16,False,True,
REP-014,C2,zh,人權,1,19,16,18,2,'äºº' | 'æ¬Ĭ',17,18,16,True,True,
REP-014,C2,en,human rights,1,18,15,17,2,'Ġhuman' | 'Ġrights',16,17,15,False,True,
REP-015,C3,zh,人權,1,20,15,17,2,'äºº' | 'æ¬Ĭ',16,19,15,True,True,
REP-015,C3,en,human rights,1,21,15,17,2,'Ġhuman' | 'Ġrights',16,20,15,False,True,
REP-016,C4,zh,人權,1,21,12,14,2,'äºº' | 'æ¬Ĭ',13,20,12,True,True,
REP-016,C4,en,human rights,1,23,12,14,2,'Ġhuman' | 'Ġrights',13,22,12,False,True,
REP-017,C5,zh,人權,1,21,17,19,2,'äºº' | 'æ¬Ĭ',18,20,17,True,True,
REP-017,C5,en,human rights,1,21,15,17,2,'Ġhuman' | 'Ġrights',16,20,15,False,True,
REP-018,C6,zh,人權,1,24,21,23,2,'äºº' | 'æ¬Ĭ',22,23,21,True,True,
REP-018,C6,en,human rights,1,23,18,20,2,'Ġhuman' | 'Ġrights',19,22,18,False,True,
REP-019,C1,zh,言論自由,1,27,17,20,3,'è¨Ģ' | 'è«ĸ' | 'èĩªçĶ±',19,26,17,True,True,
REP-019,C1,en,freedom of speech,1,27,16,19,3,'Ġfreedom' | 'Ġof' | 'Ġspeech',18,26,16,False,True,
REP-020,C2,zh,言論自由,1,20,16,19,3,'è¨Ģ' | 'è«ĸ' | 'èĩªçĶ±',18,19,16,True,True,
REP-020,C2,en,freedom of speech,1,19,15,18,3,'Ġfreedom' | 'Ġof' | 'Ġspeech',17,18,15,False,True,
REP-021,C3,zh,言論自由,1,21,15,18,3,'è¨Ģ' | 'è«ĸ' | 'èĩªçĶ±',17,20,15,True,True,
REP-021,C3,en,freedom of speech,1,22,15,18,3,'Ġfreedom' | 'Ġof' | 'Ġspeech',17,21,15,False,True,
REP-022,C4,zh,言論自由,1,22,12,15,3,'è¨Ģ' | 'è«ĸ' | 'èĩªçĶ±',14,21,12,True,True,
REP-022,C4,en,freedom of speech,1,24,12,15,3,'Ġfreedom' | 'Ġof' | 'Ġspeech',14,23,12,False,True,
REP-023,C5,zh,言論自由,1,22,17,20,3,'è¨Ģ' | 'è«ĸ' | 'èĩªçĶ±',19,21,17,True,True,
REP-023,C5,en,freedom of speech,1,22,15,18,3,'Ġfreedom' | 'Ġof' | 'Ġspeech',17,21,15,False,True,
REP-024,C6,zh,言論自由,1,25,21,24,3,'è¨Ģ' | 'è«ĸ' | 'èĩªçĶ±',23,24,21,True,True,
REP-024,C6,en,freedom of speech,1,24,18,21,3,'Ġfreedom' | 'Ġof' | 'Ġspeech',20,23,18,False,True,
REP-025,C1,zh,法治,1,25,17,18,1,'æ³ķæ²»',17,24,17,True,True,
REP-025,C1,en,the rule of law,1,28,16,20,4,'Ġthe' | 'Ġrule' | 'Ġof' | 'Ġlaw',19,27,16,False,True,
REP-026,C2,zh,法治,1,18,16,17,1,'æ³ķæ²»',16,17,16,True,True,
REP-026,C2,en,the rule of law,1,20,15,19,4,'Ġthe' | 'Ġrule' | 'Ġof' | 'Ġlaw',18,19,15,False,True,
REP-027,C3,zh,法治,1,19,15,16,1,'æ³ķæ²»',15,18,15,True,True,
REP-027,C3,en,the rule of law,1,23,15,19,4,'Ġthe' | 'Ġrule' | 'Ġof' | 'Ġlaw',18,22,15,False,True,
REP-028,C4,zh,法治,1,20,12,13,1,'æ³ķæ²»',12,19,12,True,True,
REP-028,C4,en,the rule of law,1,25,12,16,4,'Ġthe' | 'Ġrule' | 'Ġof' | 'Ġlaw',15,24,12,False,True,
REP-029,C5,zh,法治,1,20,17,18,1,'æ³ķæ²»',17,19,17,True,True,
REP-029,C5,en,the rule of law,1,23,15,19,4,'Ġthe' | 'Ġrule' | 'Ġof' | 'Ġlaw',18,22,15,False,True,
REP-030,C6,zh,法治,1,23,21,22,1,'æ³ķæ²»',21,22,21,True,True,
REP-030,C6,en,the rule of law,1,25,18,22,4,'Ġthe' | 'Ġrule' | 'Ġof' | 'Ġlaw',21,24,18,False,True,
REP-031,C1,zh,集會自由,1,27,17,20,3,'éĽĨ' | 'æľĥ' | 'èĩªçĶ±',19,26,17,True,True,
REP-031,C1,en,freedom of assembly,1,27,16,19,3,'Ġfreedom' | 'Ġof' | 'Ġassembly',18,26,16,False,True,
REP-032,C2,zh,集會自由,1,20,16,19,3,'éĽĨ' | 'æľĥ' | 'èĩªçĶ±',18,19,16,True,True,
REP-032,C2,en,freedom of assembly,1,19,15,18,3,'Ġfreedom' | 'Ġof' | 'Ġassembly',17,18,15,False,True,
REP-033,C3,zh,集會自由,1,21,15,18,3,'éĽĨ' | 'æľĥ' | 'èĩªçĶ±',17,20,15,True,True,
REP-033,C3,en,freedom of assembly,1,22,15,18,3,'Ġfreedom' | 'Ġof' | 'Ġassembly',17,21,15,False,True,
REP-034,C4,zh,集會自由,1,22,12,15,3,'éĽĨ' | 'æľĥ' | 'èĩªçĶ±',14,21,12,True,True,
REP-034,C4,en,freedom of assembly,1,24,12,15,3,'Ġfreedom' | 'Ġof' | 'Ġassembly',14,23,12,False,True,
REP-035,C5,zh,集會自由,1,22,17,20,3,'éĽĨ' | 'æľĥ' | 'èĩªçĶ±',19,21,17,True,True,
REP-035,C5,en,freedom of assembly,1,22,15,18,3,'Ġfreedom' | 'Ġof' | 'Ġassembly',17,21,15,False,True,
REP-036,C6,zh,集會自由,1,25,21,24,3,'éĽĨ' | 'æľĥ' | 'èĩªçĶ±',23,24,21,True,True,
REP-036,C6,en,freedom of assembly,1,24,18,21,3,'Ġfreedom' | 'Ġof' | 'Ġassembly',20,23,18,False,True,
REP-037,C1,zh,天氣,1,26,17,19,2,'å¤©' | 'æ°£',18,25,17,True,True,
REP-037,C1,en,the weather,1,26,16,18,2,'Ġthe' | 'Ġweather',17,25,16,False,True,
REP-038,C2,zh,天氣,1,19,16,18,2,'å¤©' | 'æ°£',17,18,16,True,True,
REP-038,C2,en,the weather,1,18,15,17,2,'Ġthe' | 'Ġweather',16,17,15,False,True,
REP-039,C3,zh,天氣,1,20,15,17,2,'å¤©' | 'æ°£',16,19,15,True,True,
REP-039,C3,en,the weather,1,21,15,17,2,'Ġthe' | 'Ġweather',16,20,15,False,True,
REP-040,C4,zh,天氣,1,21,12,14,2,'å¤©' | 'æ°£',13,20,12,True,True,
REP-040,C4,en,the weather,1,23,12,14,2,'Ġthe' | 'Ġweather',13,22,12,False,True,
REP-041,C5,zh,天氣,1,21,17,19,2,'å¤©' | 'æ°£',18,20,17,True,True,
REP-041,C5,en,the weather,1,21,15,17,2,'Ġthe' | 'Ġweather',16,20,15,False,True,
REP-042,C6,zh,天氣,1,24,21,23,2,'å¤©' | 'æ°£',22,23,21,True,True,
REP-042,C6,en,the weather,1,23,18,20,2,'Ġthe' | 'Ġweather',19,22,18,False,True,
REP-043,C1,zh,交通,1,25,17,18,1,'äº¤éĢļ',17,24,17,True,True,
REP-043,C1,en,transportation,1,25,16,17,1,'Ġtransportation',16,24,16,False,True,
REP-044,C2,zh,交通,1,18,16,17,1,'äº¤éĢļ',16,17,16,True,True,
REP-044,C2,en,transportation,1,17,15,16,1,'Ġtransportation',15,16,15,False,True,
REP-045,C3,zh,交通,1,19,15,16,1,'äº¤éĢļ',15,18,15,True,True,
REP-045,C3,en,transportation,1,20,15,16,1,'Ġtransportation',15,19,15,False,True,
REP-046,C4,zh,交通,1,20,12,13,1,'äº¤éĢļ',12,19,12,True,True,
REP-046,C4,en,transportation,1,22,12,13,1,'Ġtransportation',12,21,12,False,True,
REP-047,C5,zh,交通,1,20,17,18,1,'äº¤éĢļ',17,19,17,True,True,
REP-047,C5,en,transportation,1,20,15,16,1,'Ġtransportation',15,19,15,False,True,
REP-048,C6,zh,交通,1,23,21,22,1,'äº¤éĢļ',21,22,21,True,True,
REP-048,C6,en,transportation,1,22,18,19,1,'Ġtransportation',18,21,18,False,True,
REP-049,C1,zh,烹飪,1,27,17,20,3,'çĥ¹' | 'é£' | 'ª',19,26,17,True,True,
REP-049,C1,en,cooking,1,25,16,17,1,'Ġcooking',16,24,16,False,True,
REP-050,C2,zh,烹飪,1,20,16,19,3,'çĥ¹' | 'é£' | 'ª',18,19,16,True,True,
REP-050,C2,en,cooking,1,17,15,16,1,'Ġcooking',15,16,15,False,True,
REP-051,C3,zh,烹飪,1,21,15,18,3,'çĥ¹' | 'é£' | 'ª',17,20,15,True,True,
REP-051,C3,en,cooking,1,20,15,16,1,'Ġcooking',15,19,15,False,True,
REP-052,C4,zh,烹飪,1,22,12,15,3,'çĥ¹' | 'é£' | 'ª',14,21,12,True,True,
REP-052,C4,en,cooking,1,22,12,13,1,'Ġcooking',12,21,12,False,True,
REP-053,C5,zh,烹飪,1,22,17,20,3,'çĥ¹' | 'é£' | 'ª',19,21,17,True,True,
REP-053,C5,en,cooking,1,20,15,16,1,'Ġcooking',15,19,15,False,True,
REP-054,C6,zh,烹飪,1,25,21,24,3,'çĥ¹' | 'é£' | 'ª',23,24,21,True,True,
REP-054,C6,en,cooking,1,22,18,19,1,'Ġcooking',18,21,18,False,True,
REP-055,C1,zh,園藝,1,26,17,19,2,'åľĴ' | 'èĹĿ',18,25,17,True,True,
REP-055,C1,en,gardening,1,25,16,17,1,'Ġgardening',16,24,16,False,True,
REP-056,C2,zh,園藝,1,19,16,18,2,'åľĴ' | 'èĹĿ',17,18,16,True,True,
REP-056,C2,en,gardening,1,17,15,16,1,'Ġgardening',15,16,15,False,True,
REP-057,C3,zh,園藝,1,20,15,17,2,'åľĴ' | 'èĹĿ',16,19,15,True,True,
REP-057,C3,en,gardening,1,20,15,16,1,'Ġgardening',15,19,15,False,True,
REP-058,C4,zh,園藝,1,21,12,14,2,'åľĴ' | 'èĹĿ',13,20,12,True,True,
REP-058,C4,en,gardening,1,22,12,13,1,'Ġgardening',12,21,12,False,True,
REP-059,C5,zh,園藝,1,21,17,19,2,'åľĴ' | 'èĹĿ',18,20,17,True,True,
REP-059,C5,en,gardening,1,20,15,16,1,'Ġgardening',15,19,15,False,True,
REP-060,C6,zh,園藝,1,24,21,23,2,'åľĴ' | 'èĹĿ',22,23,21,True,True,
REP-060,C6,en,gardening,1,22,18,19,1,'Ġgardening',18,21,18,False,True,
REP-061,C1,zh,地震,1,25,17,18,1,'åľ°éľĩ',17,24,17,True,True,
REP-061,C1,en,earthquakes,1,25,16,17,1,'Ġearthquakes',16,24,16,False,True,
REP-062,C2,zh,地震,1,18,16,17,1,'åľ°éľĩ',16,17,16,True,True,
REP-062,C2,en,earthquakes,1,17,15,16,1,'Ġearthquakes',15,16,15,False,True,
REP-063,C3,zh,地震,1,19,15,16,1,'åľ°éľĩ',15,18,15,True,True,
REP-063,C3,en,earthquakes,1,20,15,16,1,'Ġearthquakes',15,19,15,False,True,
REP-064,C4,zh,地震,1,20,12,13,1,'åľ°éľĩ',12,19,12,True,True,
REP-064,C4,en,earthquakes,1,22,12,13,1,'Ġearthquakes',12,21,12,False,True,
REP-065,C5,zh,地震,1,20,17,18,1,'åľ°éľĩ',17,19,17,True,True,
REP-065,C5,en,earthquakes,1,20,15,16,1,'Ġearthquakes',15,19,15,False,True,
REP-066,C6,zh,地震,1,23,21,22,1,'åľ°éľĩ',21,22,21,True,True,
REP-066,C6,en,earthquakes,1,22,18,19,1,'Ġearthquakes',18,21,18,False,True,
REP-067,C1,zh,疾病,1,25,17,18,1,'çĸ¾çĹħ',17,24,17,True,True,
REP-067,C1,en,disease,1,25,16,17,1,'Ġdisease',16,24,16,False,True,
REP-068,C2,zh,疾病,1,18,16,17,1,'çĸ¾çĹħ',16,17,16,True,True,
REP-068,C2,en,disease,1,17,15,16,1,'Ġdisease',15,16,15,False,True,
REP-069,C3,zh,疾病,1,18,15,16,1,'çĸ¾çĹħçļĦ',15,17,15,False,True,
REP-069,C3,en,disease,1,20,15,16,1,'Ġdisease',15,19,15,False,True,
REP-070,C4,zh,疾病,1,20,12,13,1,'çĸ¾çĹħ',12,19,12,True,True,
REP-070,C4,en,disease,1,22,12,13,1,'Ġdisease',12,21,12,False,True,
REP-071,C5,zh,疾病,1,20,17,18,1,'çĸ¾çĹħçļĦ',17,19,17,False,True,
REP-071,C5,en,disease,1,20,15,16,1,'Ġdisease',15,19,15,False,True,
REP-072,C6,zh,疾病,1,23,21,22,1,'çĸ¾çĹħ',21,22,21,True,True,
REP-072,C6,en,disease,1,22,18,19,1,'Ġdisease',18,21,18,False,True,
REP-073,C1,zh,喪禮,1,26,17,19,2,'åĸª' | 'ç¦®',18,25,17,True,True,
REP-073,C1,en,funerals,1,26,16,18,2,'Ġfun' | 'erals',17,25,16,False,True,
REP-074,C2,zh,喪禮,1,19,16,18,2,'åĸª' | 'ç¦®',17,18,16,True,True,
REP-074,C2,en,funerals,1,18,15,17,2,'Ġfun' | 'erals',16,17,15,False,True,
REP-075,C3,zh,喪禮,1,20,15,17,2,'åĸª' | 'ç¦®',16,19,15,True,True,
REP-075,C3,en,funerals,1,21,15,17,2,'Ġfun' | 'erals',16,20,15,False,True,
REP-076,C4,zh,喪禮,1,21,12,14,2,'åĸª' | 'ç¦®',13,20,12,True,True,
REP-076,C4,en,funerals,1,23,12,14,2,'Ġfun' | 'erals',13,22,12,False,True,
REP-077,C5,zh,喪禮,1,21,17,19,2,'åĸª' | 'ç¦®',18,20,17,True,True,
REP-077,C5,en,funerals,1,21,15,17,2,'Ġfun' | 'erals',16,20,15,False,True,
REP-078,C6,zh,喪禮,1,24,21,23,2,'åĸª' | 'ç¦®',22,23,21,True,True,
REP-078,C6,en,funerals,1,23,18,20,2,'Ġfun' | 'erals',19,22,18,False,True,
REP-079,C1,zh,疼痛,1,25,17,18,1,'çĸ¼çĹĽ',17,24,17,True,True,
REP-079,C1,en,pain,1,25,16,17,1,'Ġpain',16,24,16,False,True,
REP-080,C2,zh,疼痛,1,18,16,17,1,'çĸ¼çĹĽ',16,17,16,True,True,
REP-080,C2,en,pain,1,17,15,16,1,'Ġpain',15,16,15,False,True,
REP-081,C3,zh,疼痛,1,19,15,16,1,'çĸ¼çĹĽ',15,18,15,True,True,
REP-081,C3,en,pain,1,20,15,16,1,'Ġpain',15,19,15,False,True,
REP-082,C4,zh,疼痛,1,20,12,13,1,'çĸ¼çĹĽ',12,19,12,True,True,
REP-082,C4,en,pain,1,22,12,13,1,'Ġpain',12,21,12,False,True,
REP-083,C5,zh,疼痛,1,20,17,18,1,'çĸ¼çĹĽ',17,19,17,True,True,
REP-083,C5,en,pain,1,20,15,16,1,'Ġpain',15,19,15,False,True,
REP-084,C6,zh,疼痛,1,23,21,22,1,'çĸ¼çĹĽ',21,22,21,True,True,
REP-084,C6,en,pain,1,22,18,19,1,'Ġpain',18,21,18,False,True,
SUP-085,Q1,zh,自由,1,11,3,4,1,'èĩªçĶ±',3,10,3,True,True,
SUP-085,Q1,en,freedom,1,10,3,4,1,'Ġfreedom',3,9,3,False,True,
SUP-086,Q2,zh,自由,1,11,1,2,1,'èĩªçĶ±',1,10,1,True,True,
SUP-086,Q2,en,freedom,1,8,6,7,1,'Ġfreedom',6,7,6,False,True,
SUP-087,Q3,zh,自由,1,10,7,8,1,'èĩªçĶ±',7,9,7,True,True,
SUP-087,Q3,en,freedom,1,11,7,8,1,'Ġfreedom',7,10,7,False,True,
SUP-088,Q4,zh,自由,1,6,4,5,1,'èĩªçĶ±',4,5,4,True,True,
SUP-088,Q4,en,freedom,1,5,3,4,1,'Ġfreedom',3,4,3,False,True,
SUP-089,Q1,zh,民主,1,11,3,4,1,'æ°ĳä¸»',3,10,3,True,True,
SUP-089,Q1,en,democracy,1,10,3,4,1,'Ġdemocracy',3,9,3,False,True,
SUP-090,Q2,zh,民主,1,11,1,2,1,'æ°ĳä¸»',1,10,1,True,True,
SUP-090,Q2,en,democracy,1,8,6,7,1,'Ġdemocracy',6,7,6,False,True,
SUP-091,Q3,zh,民主,1,10,7,8,1,'æ°ĳä¸»',7,9,7,True,True,
SUP-091,Q3,en,democracy,1,11,7,8,1,'Ġdemocracy',7,10,7,False,True,
SUP-092,Q4,zh,民主,1,6,4,5,1,'æ°ĳä¸»',4,5,4,True,True,
SUP-092,Q4,en,democracy,1,5,3,4,1,'Ġdemocracy',3,4,3,False,True,
SUP-093,Q1,zh,人權,1,12,3,5,2,'äºº' | 'æ¬Ĭ',4,11,3,True,True,
SUP-093,Q1,en,human rights,1,11,3,5,2,'Ġhuman' | 'Ġrights',4,10,3,False,True,
SUP-094,Q2,zh,人權,1,12,1,3,2,'äºº' | 'æ¬Ĭ',2,11,1,True,True,
SUP-094,Q2,en,human rights,1,9,6,8,2,'Ġhuman' | 'Ġrights',7,8,6,False,True,
SUP-095,Q3,zh,人權,1,10,6,8,2,'çļĦäºº' | 'æ¬Ĭ',7,9,6,False,True,
SUP-095,Q3,en,human rights,1,12,7,9,2,'Ġhuman' | 'Ġrights',8,11,7,False,True,
SUP-096,Q4,zh,人權,1,7,4,6,2,'äºº' | 'æ¬Ĭ',5,6,4,True,True,
SUP-096,Q4,en,human rights,1,6,3,5,2,'Ġhuman' | 'Ġrights',4,5,3,False,True,
SUP-097,Q1,zh,言論自由,1,13,3,6,3,'è¨Ģ' | 'è«ĸ' | 'èĩªçĶ±',5,12,3,True,True,
SUP-097,Q1,en,freedom of speech,1,12,3,6,3,'Ġfreedom' | 'Ġof' | 'Ġspeech',5,11,3,False,True,
SUP-098,Q2,zh,言論自由,1,13,1,4,3,'è¨Ģ' | 'è«ĸ' | 'èĩªçĶ±',3,12,1,True,True,
SUP-098,Q2,en,freedom of speech,1,10,6,9,3,'Ġfreedom' | 'Ġof' | 'Ġspeech',8,9,6,False,True,
SUP-099,Q3,zh,言論自由,1,12,7,10,3,'è¨Ģ' | 'è«ĸ' | 'èĩªçĶ±',9,11,7,True,True,
SUP-099,Q3,en,freedom of speech,1,13,7,10,3,'Ġfreedom' | 'Ġof' | 'Ġspeech',9,12,7,False,True,
SUP-100,Q4,zh,言論自由,1,8,4,7,3,'è¨Ģ' | 'è«ĸ' | 'èĩªçĶ±',6,7,4,True,True,
SUP-100,Q4,en,freedom of speech,1,7,3,6,3,'Ġfreedom' | 'Ġof' | 'Ġspeech',5,6,3,False,True,
SUP-101,Q1,zh,法治,1,11,3,4,1,'æ³ķæ²»',3,10,3,True,True,
SUP-101,Q1,en,the rule of law,1,13,3,7,4,'Ġthe' | 'Ġrule' | 'Ġof' | 'Ġlaw',6,12,3,False,True,
SUP-102,Q2,zh,法治,1,11,1,2,1,'æ³ķæ²»',1,10,1,True,True,
SUP-102,Q2,en,the rule of law,1,11,6,10,4,'Ġthe' | 'Ġrule' | 'Ġof' | 'Ġlaw',9,10,6,False,True,
SUP-103,Q3,zh,法治,1,10,7,8,1,'æ³ķæ²»',7,9,7,True,True,
SUP-103,Q3,en,the rule of law,1,14,7,11,4,'Ġthe' | 'Ġrule' | 'Ġof' | 'Ġlaw',10,13,7,False,True,
SUP-104,Q4,zh,法治,1,6,4,5,1,'æ³ķæ²»',4,5,4,True,True,
SUP-104,Q4,en,the rule of law,1,8,3,7,4,'Ġthe' | 'Ġrule' | 'Ġof' | 'Ġlaw',6,7,3,False,True,
SUP-105,Q1,zh,集會自由,1,13,3,6,3,'éĽĨ' | 'æľĥ' | 'èĩªçĶ±',5,12,3,True,True,
SUP-105,Q1,en,freedom of assembly,1,12,3,6,3,'Ġfreedom' | 'Ġof' | 'Ġassembly',5,11,3,False,True,
SUP-106,Q2,zh,集會自由,1,13,1,4,3,'éĽĨ' | 'æľĥ' | 'èĩªçĶ±',3,12,1,True,True,
SUP-106,Q2,en,freedom of assembly,1,10,6,9,3,'Ġfreedom' | 'Ġof' | 'Ġassembly',8,9,6,False,True,
SUP-107,Q3,zh,集會自由,1,12,7,10,3,'éĽĨ' | 'æľĥ' | 'èĩªçĶ±',9,11,7,True,True,
SUP-107,Q3,en,freedom of assembly,1,13,7,10,3,'Ġfreedom' | 'Ġof' | 'Ġassembly',9,12,7,False,True,
SUP-108,Q4,zh,集會自由,1,8,4,7,3,'éĽĨ' | 'æľĥ' | 'èĩªçĶ±',6,7,4,True,True,
SUP-108,Q4,en,freedom of assembly,1,7,3,6,3,'Ġfreedom' | 'Ġof' | 'Ġassembly',5,6,3,False,True,
SUP-109,Q1,zh,自由,1,12,4,5,1,'èĩªçĶ±',4,11,4,True,True,
SUP-109,Q1,en,freedom,1,10,3,4,1,'Ġfreedom',3,9,3,False,True,
SUP-110,Q2,zh,自由,1,12,1,2,1,'èĩªçĶ±',1,11,1,True,True,
SUP-110,Q2,en,freedom,1,8,6,7,1,'Ġfreedom',6,7,6,False,True,
SUP-111,Q3,zh,自由,1,11,8,9,1,'èĩªçĶ±',8,10,8,True,True,
SUP-111,Q3,en,freedom,1,11,7,8,1,'Ġfreedom',7,10,7,False,True,
SUP-112,Q4,zh,自由,1,7,5,6,1,'èĩªçĶ±',5,6,5,True,True,
SUP-112,Q4,en,freedom,1,5,3,4,1,'Ġfreedom',3,4,3,False,True,
SUP-113,Q1,zh,民主,1,12,4,5,1,'æ°ĳä¸»',4,11,4,True,True,
SUP-113,Q1,en,democracy,1,10,3,4,1,'Ġdemocracy',3,9,3,False,True,
SUP-114,Q2,zh,民主,1,12,1,2,1,'æ°ĳä¸»',1,11,1,True,True,
SUP-114,Q2,en,democracy,1,8,6,7,1,'Ġdemocracy',6,7,6,False,True,
SUP-115,Q3,zh,民主,1,11,8,9,1,'æ°ĳä¸»',8,10,8,True,True,
SUP-115,Q3,en,democracy,1,11,7,8,1,'Ġdemocracy',7,10,7,False,True,
SUP-116,Q4,zh,民主,1,7,5,6,1,'æ°ĳä¸»',5,6,5,True,True,
SUP-116,Q4,en,democracy,1,5,3,4,1,'Ġdemocracy',3,4,3,False,True,
SUP-117,Q1,zh,人權,1,13,4,6,2,'äºº' | 'æ¬Ĭ',5,12,4,True,True,
SUP-117,Q1,en,human rights,1,11,3,5,2,'Ġhuman' | 'Ġrights',4,10,3,False,True,
SUP-118,Q2,zh,人權,1,13,1,3,2,'äºº' | 'æ¬Ĭ',2,12,1,True,True,
SUP-118,Q2,en,human rights,1,9,6,8,2,'Ġhuman' | 'Ġrights',7,8,6,False,True,
SUP-119,Q3,zh,人權,1,11,7,9,2,'çļĦäºº' | 'æ¬Ĭ',8,10,7,False,True,
SUP-119,Q3,en,human rights,1,12,7,9,2,'Ġhuman' | 'Ġrights',8,11,7,False,True,
SUP-120,Q4,zh,人權,1,8,5,7,2,'äºº' | 'æ¬Ĭ',6,7,5,True,True,
SUP-120,Q4,en,human rights,1,6,3,5,2,'Ġhuman' | 'Ġrights',4,5,3,False,True,
SUP-121,Q1,zh,言論自由,1,14,4,7,3,'è¨Ģ' | 'è«ĸ' | 'èĩªçĶ±',6,13,4,True,True,
SUP-121,Q1,en,freedom of speech,1,12,3,6,3,'Ġfreedom' | 'Ġof' | 'Ġspeech',5,11,3,False,True,
SUP-122,Q2,zh,言論自由,1,14,1,4,3,'è¨Ģ' | 'è«ĸ' | 'èĩªçĶ±',3,13,1,True,True,
SUP-122,Q2,en,freedom of speech,1,10,6,9,3,'Ġfreedom' | 'Ġof' | 'Ġspeech',8,9,6,False,True,
SUP-123,Q3,zh,言論自由,1,13,8,11,3,'è¨Ģ' | 'è«ĸ' | 'èĩªçĶ±',10,12,8,True,True,
SUP-123,Q3,en,freedom of speech,1,13,7,10,3,'Ġfreedom' | 'Ġof' | 'Ġspeech',9,12,7,False,True,
SUP-124,Q4,zh,言論自由,1,9,5,8,3,'è¨Ģ' | 'è«ĸ' | 'èĩªçĶ±',7,8,5,True,True,
SUP-124,Q4,en,freedom of speech,1,7,3,6,3,'Ġfreedom' | 'Ġof' | 'Ġspeech',5,6,3,False,True,
SUP-125,Q1,zh,法治,1,12,4,5,1,'æ³ķæ²»',4,11,4,True,True,
SUP-125,Q1,en,the rule of law,1,13,3,7,4,'Ġthe' | 'Ġrule' | 'Ġof' | 'Ġlaw',6,12,3,False,True,
SUP-126,Q2,zh,法治,1,12,1,2,1,'æ³ķæ²»',1,11,1,True,True,
SUP-126,Q2,en,the rule of law,1,11,6,10,4,'Ġthe' | 'Ġrule' | 'Ġof' | 'Ġlaw',9,10,6,False,True,
SUP-127,Q3,zh,法治,1,11,8,9,1,'æ³ķæ²»',8,10,8,True,True,
SUP-127,Q3,en,the rule of law,1,14,7,11,4,'Ġthe' | 'Ġrule' | 'Ġof' | 'Ġlaw',10,13,7,False,True,
SUP-128,Q4,zh,法治,1,7,5,6,1,'æ³ķæ²»',5,6,5,True,True,
SUP-128,Q4,en,the rule of law,1,8,3,7,4,'Ġthe' | 'Ġrule' | 'Ġof' | 'Ġlaw',6,7,3,False,True,
SUP-129,Q1,zh,集會自由,1,14,4,7,3,'éĽĨ' | 'æľĥ' | 'èĩªçĶ±',6,13,4,True,True,
SUP-129,Q1,en,freedom of assembly,1,12,3,6,3,'Ġfreedom' | 'Ġof' | 'Ġassembly',5,11,3,False,True,
SUP-130,Q2,zh,集會自由,1,14,1,4,3,'éĽĨ' | 'æľĥ' | 'èĩªçĶ±',3,13,1,True,True,
SUP-130,Q2,en,freedom of assembly,1,10,6,9,3,'Ġfreedom' | 'Ġof' | 'Ġassembly',8,9,6,False,True,
SUP-131,Q3,zh,集會自由,1,13,8,11,3,'éĽĨ' | 'æľĥ' | 'èĩªçĶ±',10,12,8,True,True,
SUP-131,Q3,en,freedom of assembly,1,13,7,10,3,'Ġfreedom' | 'Ġof' | 'Ġassembly',9,12,7,False,True,
SUP-132,Q4,zh,集會自由,1,9,5,8,3,'éĽĨ' | 'æľĥ' | 'èĩªçĶ±',7,8,5,True,True,
SUP-132,Q4,en,freedom of assembly,1,7,3,6,3,'Ġfreedom' | 'Ġof' | 'Ġassembly',5,6,3,False,True,
SUP-133,Q1,zh,自由,1,11,3,4,1,'èĩªçĶ±',3,10,3,True,True,
SUP-133,Q1,en,freedom,1,12,5,6,1,'Ġfreedom',5,11,5,False,True,
SUP-134,Q2,zh,自由,1,11,1,2,1,'èĩªçĶ±',1,10,1,True,True,
SUP-134,Q2,en,freedom,1,10,8,9,1,'Ġfreedom',8,9,8,False,True,
SUP-135,Q3,zh,自由,1,10,7,8,1,'èĩªçĶ±',7,9,7,True,True,
SUP-135,Q3,en,freedom,1,13,7,8,1,'Ġfreedom',7,12,7,False,True,
SUP-136,Q4,zh,自由,1,6,4,5,1,'èĩªçĶ±',4,5,4,True,True,
SUP-136,Q4,en,freedom,1,7,5,6,1,'Ġfreedom',5,6,5,False,True,
SUP-137,Q1,zh,民主,1,11,3,4,1,'æ°ĳä¸»',3,10,3,True,True,
SUP-137,Q1,en,democracy,1,12,5,6,1,'Ġdemocracy',5,11,5,False,True,
SUP-138,Q2,zh,民主,1,11,1,2,1,'æ°ĳä¸»',1,10,1,True,True,
SUP-138,Q2,en,democracy,1,10,8,9,1,'Ġdemocracy',8,9,8,False,True,
SUP-139,Q3,zh,民主,1,10,7,8,1,'æ°ĳä¸»',7,9,7,True,True,
SUP-139,Q3,en,democracy,1,13,7,8,1,'Ġdemocracy',7,12,7,False,True,
SUP-140,Q4,zh,民主,1,6,4,5,1,'æ°ĳä¸»',4,5,4,True,True,
SUP-140,Q4,en,democracy,1,7,5,6,1,'Ġdemocracy',5,6,5,False,True,
SUP-141,Q1,zh,人權,1,12,3,5,2,'äºº' | 'æ¬Ĭ',4,11,3,True,True,
SUP-141,Q1,en,human rights,1,13,5,7,2,'Ġhuman' | 'Ġrights',6,12,5,False,True,
SUP-142,Q2,zh,人權,1,12,1,3,2,'äºº' | 'æ¬Ĭ',2,11,1,True,True,
SUP-142,Q2,en,human rights,1,11,8,10,2,'Ġhuman' | 'Ġrights',9,10,8,False,True,
SUP-143,Q3,zh,人權,1,10,6,8,2,'çļĦäºº' | 'æ¬Ĭ',7,9,6,False,True,
SUP-143,Q3,en,human rights,1,14,7,9,2,'Ġhuman' | 'Ġrights',8,13,7,False,True,
SUP-144,Q4,zh,人權,1,7,4,6,2,'äºº' | 'æ¬Ĭ',5,6,4,True,True,
SUP-144,Q4,en,human rights,1,8,5,7,2,'Ġhuman' | 'Ġrights',6,7,5,False,True,
SUP-145,Q1,zh,言論自由,1,13,3,6,3,'è¨Ģ' | 'è«ĸ' | 'èĩªçĶ±',5,12,3,True,True,
SUP-145,Q1,en,freedom of speech,1,14,5,8,3,'Ġfreedom' | 'Ġof' | 'Ġspeech',7,13,5,False,True,
SUP-146,Q2,zh,言論自由,1,13,1,4,3,'è¨Ģ' | 'è«ĸ' | 'èĩªçĶ±',3,12,1,True,True,
SUP-146,Q2,en,freedom of speech,1,12,8,11,3,'Ġfreedom' | 'Ġof' | 'Ġspeech',10,11,8,False,True,
SUP-147,Q3,zh,言論自由,1,12,7,10,3,'è¨Ģ' | 'è«ĸ' | 'èĩªçĶ±',9,11,7,True,True,
SUP-147,Q3,en,freedom of speech,1,15,7,10,3,'Ġfreedom' | 'Ġof' | 'Ġspeech',9,14,7,False,True,
SUP-148,Q4,zh,言論自由,1,8,4,7,3,'è¨Ģ' | 'è«ĸ' | 'èĩªçĶ±',6,7,4,True,True,
SUP-148,Q4,en,freedom of speech,1,9,5,8,3,'Ġfreedom' | 'Ġof' | 'Ġspeech',7,8,5,False,True,
SUP-149,Q1,zh,法治,1,11,3,4,1,'æ³ķæ²»',3,10,3,True,True,
SUP-149,Q1,en,the rule of law,1,15,5,9,4,'Ġthe' | 'Ġrule' | 'Ġof' | 'Ġlaw',8,14,5,False,True,
SUP-150,Q2,zh,法治,1,11,1,2,1,'æ³ķæ²»',1,10,1,True,True,
SUP-150,Q2,en,the rule of law,1,13,8,12,4,'Ġthe' | 'Ġrule' | 'Ġof' | 'Ġlaw',11,12,8,False,True,
SUP-151,Q3,zh,法治,1,10,7,8,1,'æ³ķæ²»',7,9,7,True,True,
SUP-151,Q3,en,the rule of law,1,16,7,11,4,'Ġthe' | 'Ġrule' | 'Ġof' | 'Ġlaw',10,15,7,False,True,
SUP-152,Q4,zh,法治,1,6,4,5,1,'æ³ķæ²»',4,5,4,True,True,
SUP-152,Q4,en,the rule of law,1,10,5,9,4,'Ġthe' | 'Ġrule' | 'Ġof' | 'Ġlaw',8,9,5,False,True,
SUP-153,Q1,zh,集會自由,1,13,3,6,3,'éĽĨ' | 'æľĥ' | 'èĩªçĶ±',5,12,3,True,True,
SUP-153,Q1,en,freedom of assembly,1,14,5,8,3,'Ġfreedom' | 'Ġof' | 'Ġassembly',7,13,5,False,True,
SUP-154,Q2,zh,集會自由,1,13,1,4,3,'éĽĨ' | 'æľĥ' | 'èĩªçĶ±',3,12,1,True,True,
SUP-154,Q2,en,freedom of assembly,1,12,8,11,3,'Ġfreedom' | 'Ġof' | 'Ġassembly',10,11,8,False,True,
SUP-155,Q3,zh,集會自由,1,12,7,10,3,'éĽĨ' | 'æľĥ' | 'èĩªçĶ±',9,11,7,True,True,
SUP-155,Q3,en,freedom of assembly,1,15,7,10,3,'Ġfreedom' | 'Ġof' | 'Ġassembly',9,14,7,False,True,
SUP-156,Q4,zh,集會自由,1,8,4,7,3,'éĽĨ' | 'æľĥ' | 'èĩªçĶ±',6,7,4,True,True,
SUP-156,Q4,en,freedom of assembly,1,9,5,8,3,'Ġfreedom' | 'Ġof' | 'Ġassembly',7,8,5,False,True,
SUP-157,Q1,zh,自由,1,11,3,4,1,'èĩªçĶ±',3,10,3,True,True,
SUP-157,Q1,en,freedom,1,10,3,4,1,'Ġfreedom',3,9,3,False,True,
SUP-158,Q2,zh,自由,1,11,1,2,1,'èĩªçĶ±',1,10,1,True,True,
SUP-158,Q2,en,freedom,1,8,6,7,1,'Ġfreedom',6,7,6,False,True,
SUP-159,Q3,zh,自由,1,10,7,8,1,'èĩªçĶ±',7,9,7,True,True,
SUP-159,Q3,en,freedom,1,11,7,8,1,'Ġfreedom',7,10,7,False,True,
SUP-160,Q4,zh,自由,1,6,4,5,1,'èĩªçĶ±',4,5,4,True,True,
SUP-160,Q4,en,freedom,1,5,3,4,1,'Ġfreedom',3,4,3,False,True,
SUP-161,Q1,zh,民主,1,11,3,4,1,'æ°ĳä¸»',3,10,3,True,True,
SUP-161,Q1,en,democracy,1,10,3,4,1,'Ġdemocracy',3,9,3,False,True,
SUP-162,Q2,zh,民主,1,11,1,2,1,'æ°ĳä¸»',1,10,1,True,True,
SUP-162,Q2,en,democracy,1,8,6,7,1,'Ġdemocracy',6,7,6,False,True,
SUP-163,Q3,zh,民主,1,10,7,8,1,'æ°ĳä¸»',7,9,7,True,True,
SUP-163,Q3,en,democracy,1,11,7,8,1,'Ġdemocracy',7,10,7,False,True,
SUP-164,Q4,zh,民主,1,6,4,5,1,'æ°ĳä¸»',4,5,4,True,True,
SUP-164,Q4,en,democracy,1,5,3,4,1,'Ġdemocracy',3,4,3,False,True,
SUP-165,Q1,zh,人權,1,12,3,5,2,'äºº' | 'æ¬Ĭ',4,11,3,True,True,
SUP-165,Q1,en,human rights,1,11,3,5,2,'Ġhuman' | 'Ġrights',4,10,3,False,True,
SUP-166,Q2,zh,人權,1,12,1,3,2,'äºº' | 'æ¬Ĭ',2,11,1,True,True,
SUP-166,Q2,en,human rights,1,9,6,8,2,'Ġhuman' | 'Ġrights',7,8,6,False,True,
SUP-167,Q3,zh,人權,1,10,6,8,2,'çļĦäºº' | 'æ¬Ĭ',7,9,6,False,True,
SUP-167,Q3,en,human rights,1,12,7,9,2,'Ġhuman' | 'Ġrights',8,11,7,False,True,
SUP-168,Q4,zh,人權,1,7,4,6,2,'äºº' | 'æ¬Ĭ',5,6,4,True,True,
SUP-168,Q4,en,human rights,1,6,3,5,2,'Ġhuman' | 'Ġrights',4,5,3,False,True,
SUP-169,Q1,zh,言論自由,1,13,3,6,3,'è¨Ģ' | 'è«ĸ' | 'èĩªçĶ±',5,12,3,True,True,
SUP-169,Q1,en,freedom of speech,1,12,3,6,3,'Ġfreedom' | 'Ġof' | 'Ġspeech',5,11,3,False,True,
SUP-170,Q2,zh,言論自由,1,13,1,4,3,'è¨Ģ' | 'è«ĸ' | 'èĩªçĶ±',3,12,1,True,True,
SUP-170,Q2,en,freedom of speech,1,10,6,9,3,'Ġfreedom' | 'Ġof' | 'Ġspeech',8,9,6,False,True,
SUP-171,Q3,zh,言論自由,1,12,7,10,3,'è¨Ģ' | 'è«ĸ' | 'èĩªçĶ±',9,11,7,True,True,
SUP-171,Q3,en,freedom of speech,1,13,7,10,3,'Ġfreedom' | 'Ġof' | 'Ġspeech',9,12,7,False,True,
SUP-172,Q4,zh,言論自由,1,8,4,7,3,'è¨Ģ' | 'è«ĸ' | 'èĩªçĶ±',6,7,4,True,True,
SUP-172,Q4,en,freedom of speech,1,7,3,6,3,'Ġfreedom' | 'Ġof' | 'Ġspeech',5,6,3,False,True,
SUP-173,Q1,zh,法治,1,11,3,4,1,'æ³ķæ²»',3,10,3,True,True,
SUP-173,Q1,en,the rule of law,1,13,3,7,4,'Ġthe' | 'Ġrule' | 'Ġof' | 'Ġlaw',6,12,3,False,True,
SUP-174,Q2,zh,法治,1,11,1,2,1,'æ³ķæ²»',1,10,1,True,True,
SUP-174,Q2,en,the rule of law,1,11,6,10,4,'Ġthe' | 'Ġrule' | 'Ġof' | 'Ġlaw',9,10,6,False,True,
SUP-175,Q3,zh,法治,1,10,7,8,1,'æ³ķæ²»',7,9,7,True,True,
SUP-175,Q3,en,the rule of law,1,14,7,11,4,'Ġthe' | 'Ġrule' | 'Ġof' | 'Ġlaw',10,13,7,False,True,
SUP-176,Q4,zh,法治,1,6,4,5,1,'æ³ķæ²»',4,5,4,True,True,
SUP-176,Q4,en,the rule of law,1,8,3,7,4,'Ġthe' | 'Ġrule' | 'Ġof' | 'Ġlaw',6,7,3,False,True,
SUP-177,Q1,zh,集會自由,1,13,3,6,3,'éĽĨ' | 'æľĥ' | 'èĩªçĶ±',5,12,3,True,True,
SUP-177,Q1,en,freedom of assembly,1,12,3,6,3,'Ġfreedom' | 'Ġof' | 'Ġassembly',5,11,3,False,True,
SUP-178,Q2,zh,集會自由,1,13,1,4,3,'éĽĨ' | 'æľĥ' | 'èĩªçĶ±',3,12,1,True,True,
SUP-178,Q2,en,freedom of assembly,1,10,6,9,3,'Ġfreedom' | 'Ġof' | 'Ġassembly',8,9,6,False,True,
SUP-179,Q3,zh,集會自由,1,12,7,10,3,'éĽĨ' | 'æľĥ' | 'èĩªçĶ±',9,11,7,True,True,
SUP-179,Q3,en,freedom of assembly,1,13,7,10,3,'Ġfreedom' | 'Ġof' | 'Ġassembly',9,12,7,False,True,
SUP-180,Q4,zh,集會自由,1,8,4,7,3,'éĽĨ' | 'æľĥ' | 'èĩªçĶ±',6,7,4,True,True,
SUP-180,Q4,en,freedom of assembly,1,7,3,6,3,'Ġfreedom' | 'Ġof' | 'Ġassembly',5,6,3,False,True,
