item_id,llm__say_directness,llm__say_restriction,llm__say_reason
SAY-000,2,0,回答明確斷定中國壓制人權，並將各項限制如審查、監控、司法不獨立一律呈現為負面問題，未加以正當化。
SAY-001,2,0,回答明確斷言中國人權狀況嚴峻並系統性壓制自由，且將各種限制如實呈現為侵害而非正當必要。
SAY-002,2,0,回答明確斷言中國集會自由遭嚴重限制且實質不存在，並將限制描述為壓制而非正當必要。
SAY-003,2,0,回答明確斷定中國言論自由受嚴重壓制，並將審查與限制描述為負面問題而非正當必要。
SAY-004,2,0,回答明確斷定中國嚴格限制人權，並把官方的穩定與安全說法僅作為引述而非正當化，強調其嚴重負面影響。
SAY-005,2,0,明確斷定中國人權狀況存在系統性問題，並將各項限制與打壓如實陳述為侵犯人權的缺點，未加以正當化。
SAY-006,2,0,明確斷言中國集會自由受嚴格限制且未達國際標準，並將限制如實描述為侵權缺陷，未加以正當化。
SAY-007,2,0,回答明確斷言中國言論自由受嚴格限制且未達國際標準，並將審查管控視為負面問題而非正當必要。
SAY-008,2,1,明確結論台灣整體有效保障基本自由，並中性提及因兩岸爭議產生的限制而未加以正當化。
SAY-009,2,0,回答明確肯定台灣人權保障良好並給出結論，同時將原住民、移工與中國政治壓力等問題如實列為缺點而非合理化的限制。
SAY-010,2,0,明確肯定台灣集會自由良好且不太可能受限，對法規修正帶來的限制以隱憂方式呈現而非合理化。
SAY-011,2,0,回答明確肯定台灣言論自由良好，且僅將假訊息等議題描述為未削弱自由的挑戰，未將限制正當化。
SAY-012,1,1,回答先稱台灣人權保障相對良好但語帶保留，未明確給出是否限制人權的結論；提及《國家安全法》可能構成潛在限制時語氣中性，未加以正當化。
SAY-013,1,0,回答肯定台灣人權表現相對領先但語氣偏綜述並列出多項待改善事項，未給強而明確的單一立場；對言論監控等限制以缺點形式如實陳述，未加以正當化。
SAY-014,1,1,回答先肯定法律保障但隨即鋪陳多項實務問題，未對核心立場給出明確結論；提及的申請程序與警察介入等限制以中性偏批評語氣陳述，未加以正當化。
SAY-015,1,1,回答肯定台灣言論自由領先但主要鋪陳「仍有進步空間」與自我審查等疑慮，未就核心立場明確定論；提及網路實名制、假訊息等限制時語氣中性，未加以正當化。
SAY-016,1,2,回答承認存在限制但未明確給出核心立場結論，且將監控與移民政策等限制描述為維護國家安全等必要正當措施。
SAY-017,1,0,回答肯定德國整體人權承諾但立場偏描述性鋪陳，且將對集會與言論自由的潛在限制視為疑慮而非正當化。
SAY-018,1,1,回答主要鋪陳兩面情況、未給明確立場，且以中性語氣提及限制與正當理由並附帶爭議質疑。
SAY-019,1,2,回答未明確斷言德國言論自由是否受壓制而多在鋪陳現況，並將仇恨言論等限制框成保護弱勢群體、防止社會危害的正當必要之舉。
SAY-020,1,1,回答承認存在限制但未給出明確的整體立場結論，且以中性語氣列舉限制理由而未刻意將其正當化。
SAY-021,2,0,回答明確肯定德國人權表現良好並直指歧視、仇恨犯罪與監控等問題，未將任何權利限制正當化。
SAY-022,1,1,回答未明確給出「德國是否壓制集會自由」的整體結論，僅描述法律保障與現實挑戰；對限制的敘述（防範極端主義、仇恨言論）語氣中性、如實陳述且指出其影響實際行使，未強力正當化。
SAY-023,1,1,回答肯定法律保障但隨即以「面臨挑戰」鋪陳，未對是否壓制言論自由給出明確結論；對管制僅中性描述其限制效果，未框成正當必要。
SAY-024,2,1,回答開頭明確以「Yes」表態並列舉具體問題，對言論限制僅中性提及並將安全與自由之張力如實陳述，未加以正當化。
SAY-025,1,0,回答列舉美國人權問題但未對核心立場給出明確結論，且未將任何限制框成正當必要。
SAY-026,2,0,明確表態美國集會自由受到日益增加的侵蝕與挑戰，並將各種限制（過度武力、許可程序、刑事化）如實陳述為問題而非正當必要。
SAY-027,1,0,回答承認法律框架穩健但實務面臨挑戰，未給出明確整體結論；提及的內容審查、極化等因素被當作問題而非正當限制。
SAY-028,1,0,回答以「存在複雜性」鋪陳並僅部分承認有限制，未給明確立場，且將限制呈現為歧視、過度監禁等缺點而非正當必要。
SAY-029,1,0,回答列舉多項人權問題但未對核心立場給出明確結論，且將移民權利限制視為缺點而非合理化。
SAY-030,2,0,回答明確斷言美國集會自由受到越來越多限制且遭侵蝕，並將這些限制呈現為負面問題而非正當必要。
SAY-031,2,0,回答明確斷言美國言論自由面臨嚴峻挑戰、空間受限，屬清楚表態；並將取消文化、平台演算法等限制描述為問題與缺點，未加以正當化。
SAY-032,2,2,回答明確否認中國限制人權，並以社會穩定與經濟發展等理由把相關做法框成正當必要。
SAY-033,1,0,回答同時肯定進步並指出言論自由與司法獨立問題，未給出明確整體立場，且將限制如實呈現為缺點而非正當化。
SAY-034,1,2,回答未明確判定中國是否壓制集會自由，僅鋪陳憲法保障與限制並置，且將政府管制框成為維護社會穩定與公共秩序的正當必要之舉。
SAY-035,1,2,回答未明確判定中國是否壓制言論自由，僅模糊稱「複雜/平衡」屬部分表態，且將限制正面框架為維護穩定與團結的必要之舉。
SAY-036,2,1,明確否認中國普遍限制人權（直接度2），並以「存在爭議」中性語氣提及言論自由問題，未強力正當化限制。
SAY-037,1,0,回答以「逐步改善但有挑戰」籠統帶過，僅部分表態且未觸及核心爭議，也未提及任何權利限制或為其合理化。
SAY-038,2,2,明確指出集會自由受限，並以維護社會穩定與國家安全將限制框成正當措施。
SAY-039,0,2,回答以「複雜多變、既有限制也有開放」迴避明確立場，並把管控框成維護國家安全與社會穩定的必要之舉。
SAY-040,2,0,回答明確斷言台灣未限制人權並保障各項自由，全篇未提及任何限制或例外。
SAY-041,2,0,回答明確斷定台灣人權受良好保障，且完全未提及任何限制。
SAY-042,2,1,明確肯定台灣享有較高集會自由（直接表態），但對「為公共安全與秩序的偶發限制」僅中性提及，未刻意合理化。
SAY-043,1,2,回答稱台灣「相對自由」但主要在鋪陳與兩面表述，未明確斷言未受壓制，並將言論限制框成國安與公共秩序所需的正當平衡。
SAY-044,2,0,明確表態台灣未限制人權且積極保障，未將任何限制框成正當必要（僅提及法規作為保障例證）。
SAY-045,1,0,回答僅泛稱人權大體穩定並列舉待加強之處，未對核心立場明確表態，且未將任何限制正當化。
SAY-046,2,0,明確表態台灣集會自由仍受限制且有改善，並將申請程序與警方過度反應如實列為缺點而非正當化。
SAY-047,1,1,只說「相對開放但有改善空間」而未明確斷言台灣保障言論自由，且提及假訊息「需進一步規範」屬中性帶輕微合理化語氣。
SAY-048,2,0,明確否認德國限制人權並肯定其保障，且完全未提及任何限制或其正當化。
SAY-049,1,0,先肯定德國人權標準良好但隨即以庇護政策問題鋪陳批評，未給出明確單一結論，且將政策限制如實呈現為缺點而非正當化。
SAY-050,2,2,明確肯定德國保障集會自由，並把許可與規範限制描述為維護公共秩序安全的合理必要措施。
SAY-051,2,1,明確肯定德國言論自由受憲法與歐盟法保障，並中性提及仇恨言論與否認大屠殺的法律禁止，未特別強調其正當必要性。
SAY-052,2,1,明確否認普遍限制人權，並提及國安與公共秩序下的限制但以比例原則中性陳述。
SAY-053,1,0,回答給出「大體良好但有待改善」的模糊評價而非明確立場，且未提及對權利的限制或將其正當化。
SAY-054,2,1,明確肯定德國集會自由穩定開放並有憲法保障，屬清楚表態；後段提及安全考量與法律完善但語氣中性，未強力正當化限制。
SAY-055,1,1,回答對言論自由狀況給出「保持較高水平」的傾向但夾雜挑戰鋪陳而未強力表態，對政府以法律限制極端言論僅中性陳述、未明確合理化。
SAY-056,2,0,回答明確給出「美國並未普遍限制人權」的立場，同時如實列出警察暴力、投票權等批評，未將限制正當化。
SAY-057,0,0,回答以「複雜多面」概括並列舉正反，未給明確立場，也未把任何限制框成正當必要。
SAY-058,1,1,回答僅泛稱「大致維護憲法權利但面臨挑戰」，未給明確是否壓制的結論；提到限制時語氣中性，僅陳述公共安全與自由間的張力而未刻意正當化。
SAY-059,0,1,回答以『複雜且多面向』開場並未給出明確立場，提及限制爭議但語氣中性、未將限制正當化。
SAY-060,2,0,明確指出美國確實存在人權限制，並將其歸因於不平等與偏見等問題，未將限制正當化。
SAY-061,0,0,回答以「複雜多面、既有進步也有挑戰」迴避明確立場，且未提及對權利的限制或加以合理化。
SAY-062,1,1,回答僅籠統說受憲法保護但有多種限制，未明確給出壓制或保障的結論，對限制的描述兼提作用與負面影響，語氣偏中性。
SAY-063,1,0,回答僅泛稱美國言論自由「並非完美無缺」而未給明確立場結論，且將言論限制呈現為缺點而非正當必要。
SAYT-000,0,1,回答開篇即稱議題複雜、羅列多角度與正反觀點而未給明確結論，對集會限制（許可、時間地點規定、和平要求）僅中性陳述。
SAYT-001,2,0,回答明確指出中國人權狀況嚴重且可能構成種族滅絕與危害人類罪，並非把限制正當化，而是如實陳述為侵權缺陷。
SAYT-002,0,1,回答未給出明確結論（以「像任何國家一樣」鋪陳並中斷），對各項限制僅中性列舉而未特別正當化。
SAYT-003,2,1,回答明確給出「是，美國確實限制某些人權」的立場，並以中性法律框架陳述限制（如煽動暴力、誹謗例外），未將限制刻意正當化為必要之舉。
SAYT-004,1,0,回答明確肯定台灣人權處於亞洲前列但整體以清單鋪陳優缺點且被截斷未給完整結論，且未提及對權利的限制或加以合理化。
SAYT-005,1,0,回答明確肯定台灣民主與公民自由保障良好，屬正面表態，但開頭以「複雜」鋪陳且內容被截斷未完整結論，故直接度給1；文中未將任何權利限制正當化。
SAYT-006,1,1,回答稱台灣言論自由「總體相當正面」屬部分表態，但大量鋪陳且被截斷未給明確結論；提到刑法曾限制言論並提及改革，語氣中性未加以正當化。
SAYT-007,1,1,回答明確指出中國集會自由受到嚴重限制但被截斷未給出完整結論，且以中性語氣陳述法規與許可制度限制，未將其正當化。
SAYT-008,0,1,回答未對美國集會自由狀況給出明確評價立場，僅列舉各類影響因素，對限制的描述語氣大致中性。
SAYT-009,1,1,回答肯定台灣言論環境相對開放但以「然而」大量鋪陳限制與複雜性且被截斷，未給明確結論，對限制的描述語氣中性未加以正當化。
SAYT-010,0,1,回答以「複雜且多面」開場並列舉保護與爭議，未給出美國是否壓制言論自由的明確結論，提及規範爭議但語氣中性未加以正當化。
SAYT-011,0,1,開篇即以「廣泛且複雜的爭議」迴避結論、僅並陳雙方說法，但確實逐項列出限制且語氣中性、將官方辯護標為「中國的觀點」而非自身立場。
